"","Sample","Timepoint","Replicate","variable","value","Mean_ODnorm","SD_ODnorm","SE_ODnorm","col_fac"
"1","△HIS2-△MET3 1:10","24h","rep1","Glucose_pOD",156.401675545994,196.333550197814,37.0276671551533,21.3779335994916,"His2 Met3"
"2","△HIS2-△MET3 1:10","24h","rep2","Glucose_pOD",229.533238883272,196.333550197814,37.0276671551533,21.3779335994916,"His2 Met3"
"3","△HIS2-△MET3 1:10","24h","rep3","Glucose_pOD",203.065736164177,196.333550197814,37.0276671551533,21.3779335994916,"His2 Met3"
"4","△HIS2-△MET3 1:10","48h","rep1","Glucose_pOD",65.0667160234052,68.0530893498418,2.6980118165036,1.55769784853515,"His2 Met3"
"5","△HIS2-△MET3 1:10","48h","rep2","Glucose_pOD",68.777869526652,68.0530893498418,2.6980118165036,1.55769784853515,"His2 Met3"
"6","△HIS2-△MET3 1:10","48h","rep3","Glucose_pOD",70.3146824994682,68.0530893498418,2.6980118165036,1.55769784853515,"His2 Met3"
"7","△HIS2-△MET3 20:1","24h","rep1","Glucose_pOD",138.140904525432,131.54425936889,5.97758287648851,3.45115908284394,"His2 Met3"
"8","△HIS2-△MET3 20:1","24h","rep2","Glucose_pOD",126.486760405406,131.54425936889,5.97758287648851,3.45115908284394,"His2 Met3"
"9","△HIS2-△MET3 20:1","24h","rep3","Glucose_pOD",130.00511317583,131.54425936889,5.97758287648851,3.45115908284394,"His2 Met3"
"10","△HIS2-△MET3 20:1","48h","rep1","Glucose_pOD",10.6442925993228,11.4284794742486,1.87567190736452,1.08291968062833,"His2 Met3"
"11","△HIS2-△MET3 20:1","48h","rep2","Glucose_pOD",10.0721641171295,11.4284794742486,1.87567190736452,1.08291968062833,"His2 Met3"
"12","△HIS2-△MET3 20:1","48h","rep3","Glucose_pOD",13.5689817062936,11.4284794742486,1.87567190736452,1.08291968062833,"His2 Met3"
"13","△HIS2-△MET3 5:1","24h","rep1","Glucose_pOD",119.625025657594,108.60447461056,9.60219842191199,5.54383184370309,"His2 Met3"
"14","△HIS2-△MET3 5:1","24h","rep2","Glucose_pOD",104.149095052788,108.60447461056,9.60219842191199,5.54383184370309,"His2 Met3"
"15","△HIS2-△MET3 5:1","24h","rep3","Glucose_pOD",102.039303121296,108.60447461056,9.60219842191199,5.54383184370309,"His2 Met3"
"16","△HIS2-△MET3 5:1","48h","rep1","Glucose_pOD",8.34657015405237,7.61093515289599,0.863282927307678,0.498416630467896,"His2 Met3"
"17","△HIS2-△MET3 5:1","48h","rep2","Glucose_pOD",7.82568805268685,7.61093515289599,0.863282927307678,0.498416630467896,"His2 Met3"
"18","△HIS2-△MET3 5:1","48h","rep3","Glucose_pOD",6.66054725194876,7.61093515289599,0.863282927307678,0.498416630467896,"His2 Met3"
"19","△MET14-△TRP4 1:10","24h","rep1","Glucose_pOD",112.280661379937,101.299789234717,11.0335409328008,6.3702178276673,"Met14 Trp2"
"20","△MET14-△TRP4 1:10","24h","rep2","Glucose_pOD",90.2143231609779,101.299789234717,11.0335409328008,6.3702178276673,"Met14 Trp2"
"21","△MET14-△TRP4 1:10","24h","rep3","Glucose_pOD",101.404383163235,101.299789234717,11.0335409328008,6.3702178276673,"Met14 Trp2"
"22","△MET14-△TRP4 1:10","48h","rep1","Glucose_pOD",8.15914225773615,9.93576001679586,4.27002352331159,2.46529923062998,"Met14 Trp2"
"23","△MET14-△TRP4 1:10","48h","rep2","Glucose_pOD",6.84087634596117,9.93576001679586,4.27002352331159,2.46529923062998,"Met14 Trp2"
"24","△MET14-△TRP4 1:10","48h","rep3","Glucose_pOD",14.8072614466902,9.93576001679586,4.27002352331159,2.46529923062998,"Met14 Trp2"
"25","△MET14-△TRP4 1:2","24h","rep1","Glucose_pOD",85.3795068834836,85.6020730804413,14.604591604971,8.43196489453456,"Met14 Trp2"
"26","△MET14-△TRP4 1:2","24h","rep2","Glucose_pOD",71.1100365506996,85.6020730804413,14.604591604971,8.43196489453456,"Met14 Trp2"
"27","△MET14-△TRP4 1:2","24h","rep3","Glucose_pOD",100.316675807141,85.6020730804413,14.604591604971,8.43196489453456,"Met14 Trp2"
"28","△MET14-△TRP4 1:2","48h","rep1","Glucose_pOD",4.45930528832857,3.34154439762935,1.9801876092449,1.14326184924351,"Met14 Trp2"
"29","△MET14-△TRP4 1:2","48h","rep2","Glucose_pOD",4.51011899112287,3.34154439762935,1.9801876092449,1.14326184924351,"Met14 Trp2"
"30","△MET14-△TRP4 1:2","48h","rep3","Glucose_pOD",1.05520891343662,3.34154439762935,1.9801876092449,1.14326184924351,"Met14 Trp2"
"31","△MET14-△TRP4 10:1","24h","rep1","Glucose_pOD",171.94555223638,167.581867048524,4.0831979351633,2.35743542702105,"Met14 Trp2"
"32","△MET14-△TRP4 10:1","24h","rep2","Glucose_pOD",166.946373077541,167.581867048524,4.0831979351633,2.35743542702105,"Met14 Trp2"
"33","△MET14-△TRP4 10:1","24h","rep3","Glucose_pOD",163.85367583165,167.581867048524,4.0831979351633,2.35743542702105,"Met14 Trp2"
"34","△MET14-△TRP4 10:1","48h","rep1","Glucose_pOD",114.60178335721,113.220920609872,1.58376706093944,0.914388338967047,"Met14 Trp2"
"35","△MET14-△TRP4 10:1","48h","rep2","Glucose_pOD",111.492109894114,113.220920609872,1.58376706093944,0.914388338967047,"Met14 Trp2"
"36","△MET14-△TRP4 10:1","48h","rep3","Glucose_pOD",113.568868578294,113.220920609872,1.58376706093944,0.914388338967047,"Met14 Trp2"
"37","△MET3-△HIS2 1:20","24h","rep1","Glucose_pOD",139.247375580767,130.213759344782,8.22522393595636,4.74883525356936,"His2 Met3"
"38","△MET3-△HIS2 1:20","24h","rep2","Glucose_pOD",123.157336674866,130.213759344782,8.22522393595636,4.74883525356936,"His2 Met3"
"39","△MET3-△HIS2 1:20","24h","rep3","Glucose_pOD",128.236565778714,130.213759344782,8.22522393595636,4.74883525356936,"His2 Met3"
"40","△MET3-△HIS2 1:20","48h","rep1","Glucose_pOD",11.9760314528199,12.4804556112562,1.06086925625263,0.612493150672456,"His2 Met3"
"41","△MET3-△HIS2 1:20","48h","rep2","Glucose_pOD",11.7659149919255,12.4804556112562,1.06086925625263,0.612493150672456,"His2 Met3"
"42","△MET3-△HIS2 1:20","48h","rep3","Glucose_pOD",13.6994203890231,12.4804556112562,1.06086925625263,0.612493150672456,"His2 Met3"
"43","△MET3-△HIS2 1:5","24h","rep1","Glucose_pOD",109.711165836054,121.149517094866,25.1604639774641,14.5264006503248,"His2 Met3"
"44","△MET3-△HIS2 1:5","24h","rep2","Glucose_pOD",149.997074378017,121.149517094866,25.1604639774641,14.5264006503248,"His2 Met3"
"45","△MET3-△HIS2 1:5","24h","rep3","Glucose_pOD",103.740311070526,121.149517094866,25.1604639774641,14.5264006503248,"His2 Met3"
"46","△MET3-△HIS2 1:5","48h","rep1","Glucose_pOD",11.0045209257916,11.5849156649147,0.607037573773288,0.350473306626225,"His2 Met3"
"47","△MET3-△HIS2 1:5","48h","rep2","Glucose_pOD",11.5347440052282,11.5849156649147,0.607037573773288,0.350473306626225,"His2 Met3"
"48","△MET3-△HIS2 1:5","48h","rep3","Glucose_pOD",12.2154820637242,11.5849156649147,0.607037573773288,0.350473306626225,"His2 Met3"
"49","△MET3-△HIS2 10:1","24h","rep1","Glucose_pOD",175.772658264041,301.532951546655,226.32633238427,130.669568926759,"His2 Met3"
"50","△MET3-△HIS2 10:1","24h","rep2","Glucose_pOD",562.811359787247,301.532951546655,226.32633238427,130.669568926759,"His2 Met3"
"51","△MET3-△HIS2 10:1","24h","rep3","Glucose_pOD",166.014836588676,301.532951546655,226.32633238427,130.669568926759,"His2 Met3"
"52","△MET3-△HIS2 10:1","48h","rep1","Glucose_pOD",75.8524553066482,75.5385910300493,5.87837700655553,3.39388254713294,"His2 Met3"
"53","△MET3-△HIS2 10:1","48h","rep2","Glucose_pOD",69.5095695580367,75.5385910300493,5.87837700655553,3.39388254713294,"His2 Met3"
"54","△MET3-△HIS2 10:1","48h","rep3","Glucose_pOD",81.2537482254629,75.5385910300493,5.87837700655553,3.39388254713294,"His2 Met3"
"55","△TRP2-△TRP4 1:1","24h","rep1","Glucose_pOD",23.108542567185,22.8998309517319,5.42207305176859,3.13043533600441,"Trp2 Trp4"
"56","△TRP2-△TRP4 1:1","24h","rep2","Glucose_pOD",17.3764156522765,22.8998309517319,5.42207305176859,3.13043533600441,"Trp2 Trp4"
"57","△TRP2-△TRP4 1:1","24h","rep3","Glucose_pOD",28.2145346357342,22.8998309517319,5.42207305176859,3.13043533600441,"Trp2 Trp4"
"58","△TRP2-△TRP4 1:1","48h","rep1","Glucose_pOD",0.0523492404629951,0.0174497468209984,0.0302238480731827,0.0174497468209984,"Trp2 Trp4"
"59","△TRP2-△TRP4 1:1","48h","rep2","Glucose_pOD",0,0.0174497468209984,0.0302238480731827,0.0174497468209984,"Trp2 Trp4"
"60","△TRP2-△TRP4 1:1","48h","rep3","Glucose_pOD",0,0.0174497468209984,0.0302238480731827,0.0174497468209984,"Trp2 Trp4"
"61","△TRP2-△TRP4 1:10","24h","rep1","Glucose_pOD",34.0279482869004,30.4688365106418,4.35956973808471,2.51699876183415,"Trp2 Trp4"
"62","△TRP2-△TRP4 1:10","24h","rep2","Glucose_pOD",31.7723620071496,30.4688365106418,4.35956973808471,2.51699876183415,"Trp2 Trp4"
"63","△TRP2-△TRP4 1:10","24h","rep3","Glucose_pOD",25.6061992378752,30.4688365106418,4.35956973808471,2.51699876183415,"Trp2 Trp4"
"64","△TRP2-△TRP4 1:10","48h","rep1","Glucose_pOD",0,0,0,0,"Trp2 Trp4"
"65","△TRP2-△TRP4 1:10","48h","rep2","Glucose_pOD",0,0,0,0,"Trp2 Trp4"
"66","△TRP2-△TRP4 1:10","48h","rep3","Glucose_pOD",0,0,0,0,"Trp2 Trp4"
"67","△TRP2-△TRP4 10:1","24h","rep1","Glucose_pOD",111.474348721175,112.281292797707,4.22039879212767,2.43664837872248,"Trp2 Trp4"
"68","△TRP2-△TRP4 10:1","24h","rep2","Glucose_pOD",108.522626334241,112.281292797707,4.22039879212767,2.43664837872248,"Trp2 Trp4"
"69","△TRP2-△TRP4 10:1","24h","rep3","Glucose_pOD",116.846903337706,112.281292797707,4.22039879212767,2.43664837872248,"Trp2 Trp4"
"70","△TRP2-△TRP4 10:1","48h","rep1","Glucose_pOD",41.177454762518,43.5966484665243,2.77794620123786,1.60384798707898,"Trp2 Trp4"
"71","△TRP2-△TRP4 10:1","48h","rep2","Glucose_pOD",42.982071131712,43.5966484665243,2.77794620123786,1.60384798707898,"Trp2 Trp4"
"72","△TRP2-△TRP4 10:1","48h","rep3","Glucose_pOD",46.630419505343,43.5966484665243,2.77794620123786,1.60384798707898,"Trp2 Trp4"
"73","△TRP4-△MET14 1:10","24h","rep1","Glucose_pOD",240.057853908317,205.223905807557,30.7306888940359,17.7423715053543,"Met14 Trp2"
"74","△TRP4-△MET14 1:10","24h","rep2","Glucose_pOD",181.948409359234,205.223905807557,30.7306888940359,17.7423715053543,"Met14 Trp2"
"75","△TRP4-△MET14 1:10","24h","rep3","Glucose_pOD",193.665454155119,205.223905807557,30.7306888940359,17.7423715053543,"Met14 Trp2"
"76","△TRP4-△MET14 1:10","48h","rep1","Glucose_pOD",115.881784907474,119.500173664214,8.32984603579872,4.80923885107653,"Met14 Trp2"
"77","△TRP4-△MET14 1:10","48h","rep2","Glucose_pOD",129.027319978424,119.500173664214,8.32984603579872,4.80923885107653,"Met14 Trp2"
"78","△TRP4-△MET14 1:10","48h","rep3","Glucose_pOD",113.591416106744,119.500173664214,8.32984603579872,4.80923885107653,"Met14 Trp2"
"79","△TRP4-△MET14 10:1","24h","rep1","Glucose_pOD",142.297342922969,135.990369756033,5.49237386905882,3.17102353179118,"Met14 Trp2"
"80","△TRP4-△MET14 10:1","24h","rep2","Glucose_pOD",132.260048862572,135.990369756033,5.49237386905882,3.17102353179118,"Met14 Trp2"
"81","△TRP4-△MET14 10:1","24h","rep3","Glucose_pOD",133.413717482559,135.990369756033,5.49237386905882,3.17102353179118,"Met14 Trp2"
"82","△TRP4-△MET14 10:1","48h","rep1","Glucose_pOD",12.6844441517249,11.5021991215345,1.95442001318325,1.12838492072094,"Met14 Trp2"
"83","△TRP4-△MET14 10:1","48h","rep2","Glucose_pOD",9.24630031384805,11.5021991215345,1.95442001318325,1.12838492072094,"Met14 Trp2"
"84","△TRP4-△MET14 10:1","48h","rep3","Glucose_pOD",12.5758528990305,11.5021991215345,1.95442001318325,1.12838492072094,"Met14 Trp2"
"85","△TRP4-△MET14 2:1","24h","rep1","Glucose_pOD",96.672770412907,79.5382315573785,14.8762738310786,8.58882070091182,"Met14 Trp2"
"86","△TRP4-△MET14 2:1","24h","rep2","Glucose_pOD",69.9177732797299,79.5382315573785,14.8762738310786,8.58882070091182,"Met14 Trp2"
"87","△TRP4-△MET14 2:1","24h","rep3","Glucose_pOD",72.0241509794984,79.5382315573785,14.8762738310786,8.58882070091182,"Met14 Trp2"
"88","△TRP4-△MET14 2:1","48h","rep1","Glucose_pOD",3.87725120117134,4.08281387150413,0.241203788420058,0.139259072173878,"Met14 Trp2"
"89","△TRP4-△MET14 2:1","48h","rep2","Glucose_pOD",4.34834427417147,4.08281387150413,0.241203788420058,0.139259072173878,"Met14 Trp2"
"90","△TRP4-△MET14 2:1","48h","rep3","Glucose_pOD",4.02284613916957,4.08281387150413,0.241203788420058,0.139259072173878,"Met14 Trp2"
"91","△TRP4-△TRP2 1:1","24h","rep1","Glucose_pOD",38.553231235404,27.4837232721604,10.5032089422353,6.06403051015441,"Trp2 Trp4"
"92","△TRP4-△TRP2 1:1","24h","rep2","Glucose_pOD",17.6574785037588,27.4837232721604,10.5032089422353,6.06403051015441,"Trp2 Trp4"
"93","△TRP4-△TRP2 1:1","24h","rep3","Glucose_pOD",26.2404600773185,27.4837232721604,10.5032089422353,6.06403051015441,"Trp2 Trp4"
"94","△TRP4-△TRP2 1:1","48h","rep1","Glucose_pOD",2.85079959847137,3.19437675821888,0.651349953393849,0.376057070928589,"Trp2 Trp4"
"95","△TRP4-△TRP2 1:1","48h","rep2","Glucose_pOD",3.94558126233104,3.19437675821888,0.651349953393849,0.376057070928589,"Trp2 Trp4"
"96","△TRP4-△TRP2 1:1","48h","rep3","Glucose_pOD",2.78674941385422,3.19437675821888,0.651349953393849,0.376057070928589,"Trp2 Trp4"
"97","△TRP4-△TRP2 1:10","24h","rep1","Glucose_pOD",130.768743559855,128.285754807785,3.13084759351195,1.80759570090582,"Trp2 Trp4"
"98","△TRP4-△TRP2 1:10","24h","rep2","Glucose_pOD",129.31984426818,128.285754807785,3.13084759351195,1.80759570090582,"Trp2 Trp4"
"99","△TRP4-△TRP2 1:10","24h","rep3","Glucose_pOD",124.76867659532,128.285754807785,3.13084759351195,1.80759570090582,"Trp2 Trp4"
"100","△TRP4-△TRP2 1:10","48h","rep1","Glucose_pOD",47.3223199718069,51.7551406505141,3.91161077244064,2.25836953243365,"Trp2 Trp4"
"101","△TRP4-△TRP2 1:10","48h","rep2","Glucose_pOD",54.722067117538,51.7551406505141,3.91161077244064,2.25836953243365,"Trp2 Trp4"
"102","△TRP4-△TRP2 1:10","48h","rep3","Glucose_pOD",53.2210348621973,51.7551406505141,3.91161077244064,2.25836953243365,"Trp2 Trp4"
"103","△TRP4-△TRP2 10:1","24h","rep1","Glucose_pOD",18.0135809166629,21.4311393360428,3.15770340135247,1.82310090879185,"Trp2 Trp4"
"104","△TRP4-△TRP2 10:1","24h","rep2","Glucose_pOD",24.2405145699428,21.4311393360428,3.15770340135247,1.82310090879185,"Trp2 Trp4"
"105","△TRP4-△TRP2 10:1","24h","rep3","Glucose_pOD",22.0393225215228,21.4311393360428,3.15770340135247,1.82310090879185,"Trp2 Trp4"
"106","△TRP4-△TRP2 10:1","48h","rep1","Glucose_pOD",0,0,0,0,"Trp2 Trp4"
"107","△TRP4-△TRP2 10:1","48h","rep2","Glucose_pOD",0,0,0,0,"Trp2 Trp4"
"108","△TRP4-△TRP2 10:1","48h","rep3","Glucose_pOD",0,0,0,0,"Trp2 Trp4"
"109","BY-BY 1:1","24h","rep1","Glucose_pOD",0.0422186713553859,0.0475716236359047,0.0196158672185579,0.0113252262190223,"WT"
"110","BY-BY 1:1","24h","rep2","Glucose_pOD",0.0311878879948653,0.0475716236359047,0.0196158672185579,0.0113252262190223,"WT"
"111","BY-BY 1:1","24h","rep3","Glucose_pOD",0.0693083115574628,0.0475716236359047,0.0196158672185579,0.0113252262190223,"WT"
"112","BY-BY 1:1","48h","rep1","Glucose_pOD",0,0,0,0,"WT"
"113","BY-BY 1:1","48h","rep2","Glucose_pOD",0,0,0,0,"WT"
"114","BY-BY 1:1","48h","rep3","Glucose_pOD",0,0,0,0,"WT"
"115","BY-BY 1:10","24h","rep1","Glucose_pOD",0.0826704781131351,0.0494960579380601,0.0287299129305529,0.0165872229642492,"WT"
"116","BY-BY 1:10","24h","rep2","Glucose_pOD",0.0329446463538022,0.0494960579380601,0.0287299129305529,0.0165872229642492,"WT"
"117","BY-BY 1:10","24h","rep3","Glucose_pOD",0.0328730493472431,0.0494960579380601,0.0287299129305529,0.0165872229642492,"WT"
"118","BY-BY 1:10","48h","rep1","Glucose_pOD",0,0,0,0,"WT"
"119","BY-BY 1:10","48h","rep2","Glucose_pOD",0,0,0,0,"WT"
"120","BY-BY 1:10","48h","rep3","Glucose_pOD",0,0,0,0,"WT"
"121","BY-BY 10:1","24h","rep1","Glucose_pOD",0.0389953720432613,0.0553862917559029,0.0165293196863379,0.00954320717042859,"WT"
"122","BY-BY 10:1","24h","rep2","Glucose_pOD",0.0720506194541174,0.0553862917559029,0.0165293196863379,0.00954320717042859,"WT"
"123","BY-BY 10:1","24h","rep3","Glucose_pOD",0.05511288377033,0.0553862917559029,0.0165293196863379,0.00954320717042859,"WT"
"124","BY-BY 10:1","48h","rep1","Glucose_pOD",0,0,0,0,"WT"
"125","BY-BY 10:1","48h","rep2","Glucose_pOD",0,0,0,0,"WT"
"126","BY-BY 10:1","48h","rep3","Glucose_pOD",0,0,0,0,"WT"
"127","RLAs879","24h","rep1","Glucose_pOD",2.45267082813816,5.75724315110752,3.02723906896719,1.74777729136956,"WT"
"128","RLAs879","24h","rep2","Glucose_pOD",6.42260089452936,5.75724315110752,3.02723906896719,1.74777729136956,"WT"
"129","RLAs879","24h","rep3","Glucose_pOD",8.39645773065505,5.75724315110752,3.02723906896719,1.74777729136956,"WT"
"130","RLAs879","48h","rep1","Glucose_pOD",0.0311462516538742,0.0335560383271454,0.00212611623073466,0.00122751377814309,"WT"
"131","RLAs879","48h","rep2","Glucose_pOD",0.0351672152698826,0.0335560383271454,0.00212611623073466,0.00122751377814309,"WT"
"132","RLAs879","48h","rep3","Glucose_pOD",0.0343546480576794,0.0335560383271454,0.00212611623073466,0.00122751377814309,"WT"
"133","△HIS2-△MET3 1:10","24h","rep1","bAlanine_pOD",2.72177777777778,2.80278824476651,0.820797292214899,0.473887537610388,"His2 Met3"
"134","△HIS2-△MET3 1:10","24h","rep2","bAlanine_pOD",3.66108695652174,2.80278824476651,0.820797292214899,0.473887537610388,"His2 Met3"
"135","△HIS2-△MET3 1:10","24h","rep3","bAlanine_pOD",2.0255,2.80278824476651,0.820797292214899,0.473887537610388,"His2 Met3"
"136","△HIS2-△MET3 1:10","48h","rep1","bAlanine_pOD",1.56742647058824,2.35120407055881,1.03911568718512,0.599933721715491,"His2 Met3"
"137","△HIS2-△MET3 1:10","48h","rep2","bAlanine_pOD",3.52987804878049,2.35120407055881,1.03911568718512,0.599933721715491,"His2 Met3"
"138","△HIS2-△MET3 1:10","48h","rep3","bAlanine_pOD",1.95630769230769,2.35120407055881,1.03911568718512,0.599933721715491,"His2 Met3"
"139","△HIS2-△MET3 20:1","24h","rep1","bAlanine_pOD",2.62879432624114,3.89687696179364,1.3741456652596,0.793363369743388,"His2 Met3"
"140","△HIS2-△MET3 20:1","24h","rep2","bAlanine_pOD",5.35690322580645,3.89687696179364,1.3741456652596,0.793363369743388,"His2 Met3"
"141","△HIS2-△MET3 20:1","24h","rep3","bAlanine_pOD",3.70493333333333,3.89687696179364,1.3741456652596,0.793363369743388,"His2 Met3"
"142","△HIS2-△MET3 20:1","48h","rep1","bAlanine_pOD",2.73918918918919,4.02466283415786,2.8214078181832,1.62894056332179,"His2 Met3"
"143","△HIS2-△MET3 20:1","48h","rep2","bAlanine_pOD",7.25989077669903,4.02466283415786,2.8214078181832,1.62894056332179,"His2 Met3"
"144","△HIS2-△MET3 20:1","48h","rep3","bAlanine_pOD",2.07490853658537,4.02466283415786,2.8214078181832,1.62894056332179,"His2 Met3"
"145","△HIS2-△MET3 5:1","24h","rep1","bAlanine_pOD",3.38176100628931,3.16662495967326,0.568720634294581,0.328351011303671,"His2 Met3"
"146","△HIS2-△MET3 5:1","24h","rep2","bAlanine_pOD",3.59639344262295,3.16662495967326,0.568720634294581,0.328351011303671,"His2 Met3"
"147","△HIS2-△MET3 5:1","24h","rep3","bAlanine_pOD",2.52172043010753,3.16662495967326,0.568720634294581,0.328351011303671,"His2 Met3"
"148","△HIS2-△MET3 5:1","48h","rep1","bAlanine_pOD",3.49931972789116,3.9469894588466,1.71218676517512,0.988531489776767,"His2 Met3"
"149","△HIS2-△MET3 5:1","48h","rep2","bAlanine_pOD",5.83854054054054,3.9469894588466,1.71218676517512,0.988531489776767,"His2 Met3"
"150","△HIS2-△MET3 5:1","48h","rep3","bAlanine_pOD",2.50310810810811,3.9469894588466,1.71218676517512,0.988531489776767,"His2 Met3"
"151","△MET14-△TRP4 1:10","24h","rep1","bAlanine_pOD",3.78122222222222,2.82836782979038,0.82719929388146,0.477583734995929,"Met14 Trp2"
"152","△MET14-△TRP4 1:10","24h","rep2","bAlanine_pOD",2.29440758293839,2.82836782979038,0.82719929388146,0.477583734995929,"Met14 Trp2"
"153","△MET14-△TRP4 1:10","24h","rep3","bAlanine_pOD",2.40947368421053,2.82836782979038,0.82719929388146,0.477583734995929,"Met14 Trp2"
"154","△MET14-△TRP4 1:10","48h","rep1","bAlanine_pOD",2.18857290589452,3.11846428807701,1.72572054162583,0.99634521925374,"Met14 Trp2"
"155","△MET14-△TRP4 1:10","48h","rep2","bAlanine_pOD",2.05711122047244,3.11846428807701,1.72572054162583,0.99634521925374,"Met14 Trp2"
"156","△MET14-△TRP4 1:10","48h","rep3","bAlanine_pOD",5.10970873786408,3.11846428807701,1.72572054162583,0.99634521925374,"Met14 Trp2"
"157","△MET14-△TRP4 1:2","24h","rep1","bAlanine_pOD",5.53471365638767,3.36706185030179,1.9079517423719,1.10155645205923,"Met14 Trp2"
"158","△MET14-△TRP4 1:2","24h","rep2","bAlanine_pOD",1.94229007633588,3.36706185030179,1.9079517423719,1.10155645205923,"Met14 Trp2"
"159","△MET14-△TRP4 1:2","24h","rep3","bAlanine_pOD",2.62418181818182,3.36706185030179,1.9079517423719,1.10155645205923,"Met14 Trp2"
"160","△MET14-△TRP4 1:2","48h","rep1","bAlanine_pOD",1.47758899676375,2.54862340091242,1.11345262456224,0.642852172520905,"Met14 Trp2"
"161","△MET14-△TRP4 1:2","48h","rep2","bAlanine_pOD",3.70012820512821,2.54862340091242,1.11345262456224,0.642852172520905,"Met14 Trp2"
"162","△MET14-△TRP4 1:2","48h","rep3","bAlanine_pOD",2.46815300084531,2.54862340091242,1.11345262456224,0.642852172520905,"Met14 Trp2"
"163","△MET14-△TRP4 10:1","24h","rep1","bAlanine_pOD",4.46251968503937,4.36311798548634,1.53306670836743,0.885116476761587,"Met14 Trp2"
"164","△MET14-△TRP4 10:1","24h","rep2","bAlanine_pOD",2.78276923076923,4.36311798548634,1.53306670836743,0.885116476761587,"Met14 Trp2"
"165","△MET14-△TRP4 10:1","24h","rep3","bAlanine_pOD",5.84406504065041,4.36311798548634,1.53306670836743,0.885116476761587,"Met14 Trp2"
"166","△MET14-△TRP4 10:1","48h","rep1","bAlanine_pOD",1.28661616161616,2.42375191850826,1.49489593494825,0.863078570452852,"Met14 Trp2"
"167","△MET14-△TRP4 10:1","48h","rep2","bAlanine_pOD",1.86763959390863,2.42375191850826,1.49489593494825,0.863078570452852,"Met14 Trp2"
"168","△MET14-△TRP4 10:1","48h","rep3","bAlanine_pOD",4.117,2.42375191850826,1.49489593494825,0.863078570452852,"Met14 Trp2"
"169","△MET3-△HIS2 1:20","24h","rep1","bAlanine_pOD",3.33035971223022,4.08376238452773,0.774600163255968,0.447215612770161,"His2 Met3"
"170","△MET3-△HIS2 1:20","24h","rep2","bAlanine_pOD",4.87794871794872,4.08376238452773,0.774600163255968,0.447215612770161,"His2 Met3"
"171","△MET3-△HIS2 1:20","24h","rep3","bAlanine_pOD",4.04297872340426,4.08376238452773,0.774600163255968,0.447215612770161,"His2 Met3"
"172","△MET3-△HIS2 1:20","48h","rep1","bAlanine_pOD",4.35730117340287,4.19300178036518,0.231062233625623,0.13340384278331,"His2 Met3"
"173","△MET3-△HIS2 1:20","48h","rep2","bAlanine_pOD",4.29290712468193,4.19300178036518,0.231062233625623,0.13340384278331,"His2 Met3"
"174","△MET3-△HIS2 1:20","48h","rep3","bAlanine_pOD",3.92879704301075,4.19300178036518,0.231062233625623,0.13340384278331,"His2 Met3"
"175","△MET3-△HIS2 1:5","24h","rep1","bAlanine_pOD",2.93744186046512,4.06555807742,1.17557090810901,0.67871618024823,"His2 Met3"
"176","△MET3-△HIS2 1:5","24h","rep2","bAlanine_pOD",5.2834375,4.06555807742,1.17557090810901,0.67871618024823,"His2 Met3"
"177","△MET3-△HIS2 1:5","24h","rep3","bAlanine_pOD",3.97579487179487,4.06555807742,1.17557090810901,0.67871618024823,"His2 Met3"
"178","△MET3-△HIS2 1:5","48h","rep1","bAlanine_pOD",2.8971062052506,3.81384857094165,0.942288145815527,0.544030314640788,"His2 Met3"
"179","△MET3-△HIS2 1:5","48h","rep2","bAlanine_pOD",3.76468204488778,3.81384857094165,0.942288145815527,0.544030314640788,"His2 Met3"
"180","△MET3-△HIS2 1:5","48h","rep3","bAlanine_pOD",4.77975746268657,3.81384857094165,0.942288145815527,0.544030314640788,"His2 Met3"
"181","△MET3-△HIS2 10:1","24h","rep1","bAlanine_pOD",2.50290598290598,8.47598777098777,9.98832977997465,5.76676488722312,"His2 Met3"
"182","△MET3-△HIS2 10:1","24h","rep2","bAlanine_pOD",20.007027027027,8.47598777098777,9.98832977997465,5.76676488722312,"His2 Met3"
"183","△MET3-△HIS2 10:1","24h","rep3","bAlanine_pOD",2.9180303030303,8.47598777098777,9.98832977997465,5.76676488722312,"His2 Met3"
"184","△MET3-△HIS2 10:1","48h","rep1","bAlanine_pOD",1.98647260273973,2.41402491791378,0.879861076043147,0.507988029102985,"His2 Met3"
"185","△MET3-△HIS2 10:1","48h","rep2","bAlanine_pOD",1.8296439628483,2.41402491791378,0.879861076043147,0.507988029102985,"His2 Met3"
"186","△MET3-△HIS2 10:1","48h","rep3","bAlanine_pOD",3.42595818815331,2.41402491791378,0.879861076043147,0.507988029102985,"His2 Met3"
"187","△TRP2-△TRP4 1:1","24h","rep1","bAlanine_pOD",1.405,1.57613648293963,0.192150738422935,0.110938280553467,"Trp2 Trp4"
"188","△TRP2-△TRP4 1:1","24h","rep2","bAlanine_pOD",1.5394094488189,1.57613648293963,0.192150738422935,0.110938280553467,"Trp2 Trp4"
"189","△TRP2-△TRP4 1:1","24h","rep3","bAlanine_pOD",1.784,1.57613648293963,0.192150738422935,0.110938280553467,"Trp2 Trp4"
"190","△TRP2-△TRP4 1:1","48h","rep1","bAlanine_pOD",1.58065453137103,1.79342145834054,0.202345416047381,0.116824180424242,"Trp2 Trp4"
"191","△TRP2-△TRP4 1:1","48h","rep2","bAlanine_pOD",1.98341917591125,1.79342145834054,0.202345416047381,0.116824180424242,"Trp2 Trp4"
"192","△TRP2-△TRP4 1:1","48h","rep3","bAlanine_pOD",1.81619066773934,1.79342145834054,0.202345416047381,0.116824180424242,"Trp2 Trp4"
"193","△TRP2-△TRP4 1:10","24h","rep1","bAlanine_pOD",2.09638225255973,1.66094421701795,0.397005349703644,0.229211145521121,"Trp2 Trp4"
"194","△TRP2-△TRP4 1:10","24h","rep2","bAlanine_pOD",1.31909407665505,1.66094421701795,0.397005349703644,0.229211145521121,"Trp2 Trp4"
"195","△TRP2-△TRP4 1:10","24h","rep3","bAlanine_pOD",1.56735632183908,1.66094421701795,0.397005349703644,0.229211145521121,"Trp2 Trp4"
"196","△TRP2-△TRP4 1:10","48h","rep1","bAlanine_pOD",1.79176449009538,1.90242298037798,0.185277807026415,0.106970191761564,"Trp2 Trp4"
"197","△TRP2-△TRP4 1:10","48h","rep2","bAlanine_pOD",1.79918397626113,1.90242298037798,0.185277807026415,0.106970191761564,"Trp2 Trp4"
"198","△TRP2-△TRP4 1:10","48h","rep3","bAlanine_pOD",2.11632047477745,1.90242298037798,0.185277807026415,0.106970191761564,"Trp2 Trp4"
"199","△TRP2-△TRP4 10:1","24h","rep1","bAlanine_pOD",3.96915254237288,3.83094662347316,0.126753860458597,0.0731813754565954,"Trp2 Trp4"
"200","△TRP2-△TRP4 10:1","24h","rep2","bAlanine_pOD",3.80356756756757,3.83094662347316,0.126753860458597,0.0731813754565954,"Trp2 Trp4"
"201","△TRP2-△TRP4 10:1","24h","rep3","bAlanine_pOD",3.72011976047904,3.83094662347316,0.126753860458597,0.0731813754565954,"Trp2 Trp4"
"202","△TRP2-△TRP4 10:1","48h","rep1","bAlanine_pOD",1.08012820512821,1.50052062475071,0.370494081621809,0.213904857757514,"Trp2 Trp4"
"203","△TRP2-△TRP4 10:1","48h","rep2","bAlanine_pOD",1.77940835266821,1.50052062475071,0.370494081621809,0.213904857757514,"Trp2 Trp4"
"204","△TRP2-△TRP4 10:1","48h","rep3","bAlanine_pOD",1.6420253164557,1.50052062475071,0.370494081621809,0.213904857757514,"Trp2 Trp4"
"205","△TRP4-△MET14 1:10","24h","rep1","bAlanine_pOD",6.57413043478261,4.65594212863011,1.66178886160761,0.959434246585474,"Met14 Trp2"
"206","△TRP4-△MET14 1:10","24h","rep2","bAlanine_pOD",3.65260504201681,4.65594212863011,1.66178886160761,0.959434246585474,"Met14 Trp2"
"207","△TRP4-△MET14 1:10","24h","rep3","bAlanine_pOD",3.74109090909091,4.65594212863011,1.66178886160761,0.959434246585474,"Met14 Trp2"
"208","△TRP4-△MET14 1:10","48h","rep1","bAlanine_pOD",1.83604651162791,1.67032889205847,0.148508562162142,0.0857414583412768,"Met14 Trp2"
"209","△TRP4-△MET14 1:10","48h","rep2","bAlanine_pOD",1.62565445026178,1.67032889205847,0.148508562162142,0.0857414583412768,"Met14 Trp2"
"210","△TRP4-△MET14 1:10","48h","rep3","bAlanine_pOD",1.54928571428571,1.67032889205847,0.148508562162142,0.0857414583412768,"Met14 Trp2"
"211","△TRP4-△MET14 10:1","24h","rep1","bAlanine_pOD",5.17106060606061,3.72117247358969,1.33004020496643,0.767899070370393,"Met14 Trp2"
"212","△TRP4-△MET14 10:1","24h","rep2","bAlanine_pOD",3.43483443708609,3.72117247358969,1.33004020496643,0.767899070370393,"Met14 Trp2"
"213","△TRP4-△MET14 10:1","24h","rep3","bAlanine_pOD",2.55762237762238,3.72117247358969,1.33004020496643,0.767899070370393,"Met14 Trp2"
"214","△TRP4-△MET14 10:1","48h","rep1","bAlanine_pOD",2.42090909090909,3.84372901127806,2.4134400838596,1.39340028208937,"Met14 Trp2"
"215","△TRP4-△MET14 10:1","48h","rep2","bAlanine_pOD",2.47995689655172,3.84372901127806,2.4134400838596,1.39340028208937,"Met14 Trp2"
"216","△TRP4-△MET14 10:1","48h","rep3","bAlanine_pOD",6.63032104637337,3.84372901127806,2.4134400838596,1.39340028208937,"Met14 Trp2"
"217","△TRP4-△MET14 2:1","24h","rep1","bAlanine_pOD",3.20712643678161,2.63859897874754,0.516154895937656,0.298002168113149,"Met14 Trp2"
"218","△TRP4-△MET14 2:1","24h","rep2","bAlanine_pOD",2.19942148760331,2.63859897874754,0.516154895937656,0.298002168113149,"Met14 Trp2"
"219","△TRP4-△MET14 2:1","24h","rep3","bAlanine_pOD",2.50924901185771,2.63859897874754,0.516154895937656,0.298002168113149,"Met14 Trp2"
"220","△TRP4-△MET14 2:1","48h","rep1","bAlanine_pOD",1.54964757709251,1.96019285285623,0.499972367343627,0.288659180873217,"Met14 Trp2"
"221","△TRP4-△MET14 2:1","48h","rep2","bAlanine_pOD",1.81395190562613,1.96019285285623,0.499972367343627,0.288659180873217,"Met14 Trp2"
"222","△TRP4-△MET14 2:1","48h","rep3","bAlanine_pOD",2.51697907585004,1.96019285285623,0.499972367343627,0.288659180873217,"Met14 Trp2"
"223","△TRP4-△TRP2 1:1","24h","rep1","bAlanine_pOD",1.24265895953757,1.38395956153509,0.300722674371473,0.173622316999794,"Trp2 Trp4"
"224","△TRP4-△TRP2 1:1","24h","rep2","bAlanine_pOD",1.72930921052632,1.38395956153509,0.300722674371473,0.173622316999794,"Trp2 Trp4"
"225","△TRP4-△TRP2 1:1","24h","rep3","bAlanine_pOD",1.17991051454139,1.38395956153509,0.300722674371473,0.173622316999794,"Trp2 Trp4"
"226","△TRP4-△TRP2 1:1","48h","rep1","bAlanine_pOD",0.635434173669468,0.779933654301562,0.310525715218042,0.179282105271438,"Trp2 Trp4"
"227","△TRP4-△TRP2 1:1","48h","rep2","bAlanine_pOD",1.13637724550898,0.779933654301562,0.310525715218042,0.179282105271438,"Trp2 Trp4"
"228","△TRP4-△TRP2 1:1","48h","rep3","bAlanine_pOD",0.567989543726236,0.779933654301562,0.310525715218042,0.179282105271438,"Trp2 Trp4"
"229","△TRP4-△TRP2 1:10","24h","rep1","bAlanine_pOD",6.61633986928105,4.57899426437242,1.93753268383407,1.1186350165753,"Trp2 Trp4"
"230","△TRP4-△TRP2 1:10","24h","rep2","bAlanine_pOD",4.36091503267974,4.57899426437242,1.93753268383407,1.1186350165753,"Trp2 Trp4"
"231","△TRP4-△TRP2 1:10","24h","rep3","bAlanine_pOD",2.75972789115646,4.57899426437242,1.93753268383407,1.1186350165753,"Trp2 Trp4"
"232","△TRP4-△TRP2 1:10","48h","rep1","bAlanine_pOD",1.35524096385542,1.74312612828617,0.336458176410091,0.194254218721417,"Trp2 Trp4"
"233","△TRP4-△TRP2 1:10","48h","rep2","bAlanine_pOD",1.91801801801802,1.74312612828617,0.336458176410091,0.194254218721417,"Trp2 Trp4"
"234","△TRP4-△TRP2 1:10","48h","rep3","bAlanine_pOD",1.95611940298507,1.74312612828617,0.336458176410091,0.194254218721417,"Trp2 Trp4"
"235","△TRP4-△TRP2 10:1","24h","rep1","bAlanine_pOD",1.35166276346604,1.81999724132859,0.41658695359685,0.240516589800028,"Trp2 Trp4"
"236","△TRP4-△TRP2 10:1","24h","rep2","bAlanine_pOD",2.14925287356322,1.81999724132859,0.41658695359685,0.240516589800028,"Trp2 Trp4"
"237","△TRP4-△TRP2 10:1","24h","rep3","bAlanine_pOD",1.95907608695652,1.81999724132859,0.41658695359685,0.240516589800028,"Trp2 Trp4"
"238","△TRP4-△TRP2 10:1","48h","rep1","bAlanine_pOD",0.697032924961715,0.852005442108714,0.223317795802856,0.128932589521613,"Trp2 Trp4"
"239","△TRP4-△TRP2 10:1","48h","rep2","bAlanine_pOD",1.10798113207547,0.852005442108714,0.223317795802856,0.128932589521613,"Trp2 Trp4"
"240","△TRP4-△TRP2 10:1","48h","rep3","bAlanine_pOD",0.751002269288956,0.852005442108714,0.223317795802856,0.128932589521613,"Trp2 Trp4"
"241","BY-BY 1:1","24h","rep1","bAlanine_pOD",1.79097856477167,1.49982341913296,0.458154884540382,0.264515845919931,"WT"
"242","BY-BY 1:1","24h","rep2","bAlanine_pOD",0.971718188353702,1.49982341913296,0.458154884540382,0.264515845919931,"WT"
"243","BY-BY 1:1","24h","rep3","bAlanine_pOD",1.7367735042735,1.49982341913296,0.458154884540382,0.264515845919931,"WT"
"244","BY-BY 1:1","48h","rep1","bAlanine_pOD",1.52736891977258,1.5150500005397,0.414330944141854,0.239214082133891,"WT"
"245","BY-BY 1:1","48h","rep2","bAlanine_pOD",1.92308411214953,1.5150500005397,0.414330944141854,0.239214082133891,"WT"
"246","BY-BY 1:1","48h","rep3","bAlanine_pOD",1.09469696969697,1.5150500005397,0.414330944141854,0.239214082133891,"WT"
"247","BY-BY 1:10","24h","rep1","bAlanine_pOD",2.27978142076503,1.47472685505002,0.698609328413158,0.403342283817721,"WT"
"248","BY-BY 1:10","24h","rep2","bAlanine_pOD",1.11658823529412,1.47472685505002,0.698609328413158,0.403342283817721,"WT"
"249","BY-BY 1:10","24h","rep3","bAlanine_pOD",1.02781090909091,1.47472685505002,0.698609328413158,0.403342283817721,"WT"
"250","BY-BY 1:10","48h","rep1","bAlanine_pOD",1.32293515358362,1.53285460394735,0.18213603287595,0.105156287610061,"WT"
"251","BY-BY 1:10","48h","rep2","bAlanine_pOD",1.6489454899416,1.53285460394735,0.18213603287595,0.105156287610061,"WT"
"252","BY-BY 1:10","48h","rep3","bAlanine_pOD",1.62668316831683,1.53285460394735,0.18213603287595,0.105156287610061,"WT"
"253","BY-BY 10:1","24h","rep1","bAlanine_pOD",2.45927862939585,2.52527583678409,0.348250700060878,0.201062635425623,"WT"
"254","BY-BY 10:1","24h","rep2","bAlanine_pOD",2.21474594594595,2.52527583678409,0.348250700060878,0.201062635425623,"WT"
"255","BY-BY 10:1","24h","rep3","bAlanine_pOD",2.90180293501048,2.52527583678409,0.348250700060878,0.201062635425623,"WT"
"256","BY-BY 10:1","48h","rep1","bAlanine_pOD",1.03979206049149,0.875611813196066,0.143708239395449,0.0829699906997298,"WT"
"257","BY-BY 10:1","48h","rep2","bAlanine_pOD",0.772648432288192,0.875611813196066,0.143708239395449,0.0829699906997298,"WT"
"258","BY-BY 10:1","48h","rep3","bAlanine_pOD",0.814394946808511,0.875611813196066,0.143708239395449,0.0829699906997298,"WT"
"259","RLAs879","24h","rep1","bAlanine_pOD",1.55186147186147,1.53836520983739,0.0767777932898928,0.0443276796237051,"WT"
"260","RLAs879","24h","rep2","bAlanine_pOD",1.4557341576507,1.53836520983739,0.0767777932898928,0.0443276796237051,"WT"
"261","RLAs879","24h","rep3","bAlanine_pOD",1.6075,1.53836520983739,0.0767777932898928,0.0443276796237051,"WT"
"262","RLAs879","48h","rep1","bAlanine_pOD",1.94527671755725,2.34687946276842,0.444302993450686,0.25651845287051,"WT"
"263","RLAs879","48h","rep2","bAlanine_pOD",2.27120013755158,2.34687946276842,0.444302993450686,0.25651845287051,"WT"
"264","RLAs879","48h","rep3","bAlanine_pOD",2.82416153319644,2.34687946276842,0.444302993450686,0.25651845287051,"WT"
"265","△HIS2-△MET3 1:10","24h","rep1","MSA_pOD",37.0758518518518,47.0112694578637,10.6541169545367,6.15115729167953,"His2 Met3"
"266","△HIS2-△MET3 1:10","24h","rep2","MSA_pOD",58.2619565217391,47.0112694578637,10.6541169545367,6.15115729167953,"His2 Met3"
"267","△HIS2-△MET3 1:10","24h","rep3","MSA_pOD",45.696,47.0112694578637,10.6541169545367,6.15115729167953,"His2 Met3"
"268","△HIS2-△MET3 1:10","48h","rep1","MSA_pOD",56.4988235294118,58.4634927712173,3.69069040518001,2.13082109892625,"His2 Met3"
"269","△HIS2-△MET3 1:10","48h","rep2","MSA_pOD",56.1707317073171,58.4634927712173,3.69069040518001,2.13082109892625,"His2 Met3"
"270","△HIS2-△MET3 1:10","48h","rep3","MSA_pOD",62.7209230769231,58.4634927712173,3.69069040518001,2.13082109892625,"His2 Met3"
"271","△HIS2-△MET3 20:1","24h","rep1","MSA_pOD",98.5815602836879,97.9150290551361,3.34264774122634,1.92987857320312,"His2 Met3"
"272","△HIS2-△MET3 20:1","24h","rep2","MSA_pOD",100.874193548387,97.9150290551361,3.34264774122634,1.92987857320312,"His2 Met3"
"273","△HIS2-△MET3 20:1","24h","rep3","MSA_pOD",94.2893333333333,97.9150290551361,3.34264774122634,1.92987857320312,"His2 Met3"
"274","△HIS2-△MET3 20:1","48h","rep1","MSA_pOD",65.7812039312039,64.0977464047261,1.47181001910375,0.849749910725541,"His2 Met3"
"275","△HIS2-△MET3 20:1","48h","rep2","MSA_pOD",63.4577669902913,64.0977464047261,1.47181001910375,0.849749910725541,"His2 Met3"
"276","△HIS2-△MET3 20:1","48h","rep3","MSA_pOD",63.0542682926829,64.0977464047261,1.47181001910375,0.849749910725541,"His2 Met3"
"277","△HIS2-△MET3 5:1","24h","rep1","MSA_pOD",97.2761006289308,87.9482413107659,9.9858665607689,5.76534274695161,"His2 Met3"
"278","△HIS2-△MET3 5:1","24h","rep2","MSA_pOD",89.1546448087432,87.9482413107659,9.9858665607689,5.76534274695161,"His2 Met3"
"279","△HIS2-△MET3 5:1","24h","rep3","MSA_pOD",77.4139784946236,87.9482413107659,9.9858665607689,5.76534274695161,"His2 Met3"
"280","△HIS2-△MET3 5:1","48h","rep1","MSA_pOD",57.8939909297052,51.302573553145,9.57390637483025,5.52749742270452,"His2 Met3"
"281","△HIS2-△MET3 5:1","48h","rep2","MSA_pOD",55.6928648648649,51.302573553145,9.57390637483025,5.52749742270452,"His2 Met3"
"282","△HIS2-△MET3 5:1","48h","rep3","MSA_pOD",40.3208648648649,51.302573553145,9.57390637483025,5.52749742270452,"His2 Met3"
"283","△MET14-△TRP4 1:10","24h","rep1","MSA_pOD",47.552,46.9784839111998,3.72667823578537,2.1515986826138,"Met14 Trp2"
"284","△MET14-△TRP4 1:10","24h","rep2","MSA_pOD",42.9982938388626,46.9784839111998,3.72667823578537,2.1515986826138,"Met14 Trp2"
"285","△MET14-△TRP4 1:10","24h","rep3","MSA_pOD",50.3851578947368,46.9784839111998,3.72667823578537,2.1515986826138,"Met14 Trp2"
"286","△MET14-△TRP4 1:10","48h","rep1","MSA_pOD",40.6205791106515,45.8106329879579,8.61812243669396,4.97567530873441,"Met14 Trp2"
"287","△MET14-△TRP4 1:10","48h","rep2","MSA_pOD",41.0524606299213,45.8106329879579,8.61812243669396,4.97567530873441,"Met14 Trp2"
"288","△MET14-△TRP4 1:10","48h","rep3","MSA_pOD",55.758859223301,45.8106329879579,8.61812243669396,4.97567530873441,"Met14 Trp2"
"289","△MET14-△TRP4 1:2","24h","rep1","MSA_pOD",59.0484581497797,54.4201719162231,4.05503318015485,2.34117449813527,"Met14 Trp2"
"290","△MET14-△TRP4 1:2","24h","rep2","MSA_pOD",51.4916030534351,54.4201719162231,4.05503318015485,2.34117449813527,"Met14 Trp2"
"291","△MET14-△TRP4 1:2","24h","rep3","MSA_pOD",52.7204545454545,54.4201719162231,4.05503318015485,2.34117449813527,"Met14 Trp2"
"292","△MET14-△TRP4 1:2","48h","rep1","MSA_pOD",40.3652912621359,37.9943845235892,2.05575564398196,1.18689107444108,"Met14 Trp2"
"293","△MET14-△TRP4 1:2","48h","rep2","MSA_pOD",36.9100854700855,37.9943845235892,2.05575564398196,1.18689107444108,"Met14 Trp2"
"294","△MET14-△TRP4 1:2","48h","rep3","MSA_pOD",36.7077768385461,37.9943845235892,2.05575564398196,1.18689107444108,"Met14 Trp2"
"295","△MET14-△TRP4 10:1","24h","rep1","MSA_pOD",39.860157480315,38.0586291038198,2.85533509076332,1.64852848327879,"Met14 Trp2"
"296","△MET14-△TRP4 10:1","24h","rep2","MSA_pOD",34.7664615384615,38.0586291038198,2.85533509076332,1.64852848327879,"Met14 Trp2"
"297","△MET14-△TRP4 10:1","24h","rep3","MSA_pOD",39.5492682926829,38.0586291038198,2.85533509076332,1.64852848327879,"Met14 Trp2"
"298","△MET14-△TRP4 10:1","48h","rep1","MSA_pOD",52.3868686868687,56.234320865166,8.37023341209833,4.83255651365497,"Met14 Trp2"
"299","△MET14-△TRP4 10:1","48h","rep2","MSA_pOD",50.4795939086294,56.234320865166,8.37023341209833,4.83255651365497,"Met14 Trp2"
"300","△MET14-△TRP4 10:1","48h","rep3","MSA_pOD",65.8365,56.234320865166,8.37023341209833,4.83255651365497,"Met14 Trp2"
"301","△MET3-△HIS2 1:20","24h","rep1","MSA_pOD",92.5230215827338,88.6301188509095,5.1124203637262,2.95165727320784,"His2 Met3"
"302","△MET3-△HIS2 1:20","24h","rep2","MSA_pOD",82.8403846153846,88.6301188509095,5.1124203637262,2.95165727320784,"His2 Met3"
"303","△MET3-△HIS2 1:20","24h","rep3","MSA_pOD",90.5269503546099,88.6301188509095,5.1124203637262,2.95165727320784,"His2 Met3"
"304","△MET3-△HIS2 1:20","48h","rep1","MSA_pOD",42.5049543676662,45.1604249517436,3.75523509452153,2.16808599269234,"His2 Met3"
"305","△MET3-△HIS2 1:20","48h","rep2","MSA_pOD",43.519465648855,45.1604249517436,3.75523509452153,2.16808599269234,"His2 Met3"
"306","△MET3-△HIS2 1:20","48h","rep3","MSA_pOD",49.4568548387097,45.1604249517436,3.75523509452153,2.16808599269234,"His2 Met3"
"307","△MET3-△HIS2 1:5","24h","rep1","MSA_pOD",67.1691860465116,72.2438392590936,5.31568913249218,3.06901455157273,"His2 Met3"
"308","△MET3-△HIS2 1:5","24h","rep2","MSA_pOD",77.7715625,72.2438392590936,5.31568913249218,3.06901455157273,"His2 Met3"
"309","△MET3-△HIS2 1:5","24h","rep3","MSA_pOD",71.7907692307692,72.2438392590936,5.31568913249218,3.06901455157273,"His2 Met3"
"310","△MET3-△HIS2 1:5","48h","rep1","MSA_pOD",54.2558472553699,45.788270594782,7.33380822656093,4.23417615379005,"His2 Met3"
"311","△MET3-△HIS2 1:5","48h","rep2","MSA_pOD",41.653740648379,45.788270594782,7.33380822656093,4.23417615379005,"His2 Met3"
"312","△MET3-△HIS2 1:5","48h","rep3","MSA_pOD",41.455223880597,45.788270594782,7.33380822656093,4.23417615379005,"His2 Met3"
"313","△MET3-△HIS2 10:1","24h","rep1","MSA_pOD",42.6606837606838,80.7495112945113,63.8355038947478,36.855445357488,"His2 Met3"
"314","△MET3-△HIS2 10:1","24h","rep2","MSA_pOD",154.446486486486,80.7495112945113,63.8355038947478,36.855445357488,"His2 Met3"
"315","△MET3-△HIS2 10:1","24h","rep3","MSA_pOD",45.1413636363636,80.7495112945113,63.8355038947478,36.855445357488,"His2 Met3"
"316","△MET3-△HIS2 10:1","48h","rep1","MSA_pOD",44.8609589041096,48.9906896055413,6.1901816213017,3.57390302539121,"His2 Met3"
"317","△MET3-△HIS2 10:1","48h","rep2","MSA_pOD",46.0030959752322,48.9906896055413,6.1901816213017,3.57390302539121,"His2 Met3"
"318","△MET3-△HIS2 10:1","48h","rep3","MSA_pOD",56.1080139372822,48.9906896055413,6.1901816213017,3.57390302539121,"His2 Met3"
"319","△TRP2-△TRP4 1:1","24h","rep1","MSA_pOD",86.7029816513761,80.9061792720109,12.5571089938788,7.24985025785937,"Trp2 Trp4"
"320","△TRP2-△TRP4 1:1","24h","rep2","MSA_pOD",66.4978346456693,80.9061792720109,12.5571089938788,7.24985025785937,"Trp2 Trp4"
"321","△TRP2-△TRP4 1:1","24h","rep3","MSA_pOD",89.5177215189873,80.9061792720109,12.5571089938788,7.24985025785937,"Trp2 Trp4"
"322","△TRP2-△TRP4 1:1","48h","rep1","MSA_pOD",60.4759101471727,60.3178119214936,7.25923003827763,4.19111841670901,"Trp2 Trp4"
"323","△TRP2-△TRP4 1:1","48h","rep2","MSA_pOD",52.980824088748,60.3178119214936,7.25923003827763,4.19111841670901,"Trp2 Trp4"
"324","△TRP2-△TRP4 1:1","48h","rep3","MSA_pOD",67.4967015285599,60.3178119214936,7.25923003827763,4.19111841670901,"Trp2 Trp4"
"325","△TRP2-△TRP4 1:10","24h","rep1","MSA_pOD",79.2730375426621,79.7361134393679,7.67210551693498,4.42949218545363,"Trp2 Trp4"
"326","△TRP2-△TRP4 1:10","24h","rep2","MSA_pOD",87.6292682926829,79.7361134393679,7.67210551693498,4.42949218545363,"Trp2 Trp4"
"327","△TRP2-△TRP4 1:10","24h","rep3","MSA_pOD",72.3060344827586,79.7361134393679,7.67210551693498,4.42949218545363,"Trp2 Trp4"
"328","△TRP2-△TRP4 1:10","48h","rep1","MSA_pOD",39.8794570799706,37.2779199168646,6.08980601008389,3.51595113923454,"Trp2 Trp4"
"329","△TRP2-△TRP4 1:10","48h","rep2","MSA_pOD",41.6348664688427,37.2779199168646,6.08980601008389,3.51595113923454,"Trp2 Trp4"
"330","△TRP2-△TRP4 1:10","48h","rep3","MSA_pOD",30.3194362017804,37.2779199168646,6.08980601008389,3.51595113923454,"Trp2 Trp4"
"331","△TRP2-△TRP4 10:1","24h","rep1","MSA_pOD",126.232203389831,114.785409977114,9.91964538473466,5.72710993314219,"Trp2 Trp4"
"332","△TRP2-△TRP4 10:1","24h","rep2","MSA_pOD",108.704864864865,114.785409977114,9.91964538473466,5.72710993314219,"Trp2 Trp4"
"333","△TRP2-△TRP4 10:1","24h","rep3","MSA_pOD",109.419161676647,114.785409977114,9.91964538473466,5.72710993314219,"Trp2 Trp4"
"334","△TRP2-△TRP4 10:1","48h","rep1","MSA_pOD",108.639957264957,115.759390925965,9.37375996831882,5.41194284102781,"Trp2 Trp4"
"335","△TRP2-△TRP4 10:1","48h","rep2","MSA_pOD",112.258468677494,115.759390925965,9.37375996831882,5.41194284102781,"Trp2 Trp4"
"336","△TRP2-△TRP4 10:1","48h","rep3","MSA_pOD",126.379746835443,115.759390925965,9.37375996831882,5.41194284102781,"Trp2 Trp4"
"337","△TRP4-△MET14 1:10","24h","rep1","MSA_pOD",35.9404347826087,32.3809623454125,3.09058685015043,1.78435114988827,"Met14 Trp2"
"338","△TRP4-△MET14 1:10","24h","rep2","MSA_pOD",30.8233613445378,32.3809623454125,3.09058685015043,1.78435114988827,"Met14 Trp2"
"339","△TRP4-△MET14 1:10","24h","rep3","MSA_pOD",30.3790909090909,32.3809623454125,3.09058685015043,1.78435114988827,"Met14 Trp2"
"340","△TRP4-△MET14 1:10","48h","rep1","MSA_pOD",28.9893023255814,26.8407077726176,2.3834788119629,1.37610213369455,"Met14 Trp2"
"341","△TRP4-△MET14 1:10","48h","rep2","MSA_pOD",27.2559162303665,26.8407077726176,2.3834788119629,1.37610213369455,"Met14 Trp2"
"342","△TRP4-△MET14 1:10","48h","rep3","MSA_pOD",24.2769047619048,26.8407077726176,2.3834788119629,1.37610213369455,"Met14 Trp2"
"343","△TRP4-△MET14 10:1","24h","rep1","MSA_pOD",58.4536363636364,56.3911469766437,3.31185895498048,1.91210265917605,"Met14 Trp2"
"344","△TRP4-△MET14 10:1","24h","rep2","MSA_pOD",52.5709933774834,56.3911469766437,3.31185895498048,1.91210265917605,"Met14 Trp2"
"345","△TRP4-△MET14 10:1","24h","rep3","MSA_pOD",58.1488111888112,56.3911469766437,3.31185895498048,1.91210265917605,"Met14 Trp2"
"346","△TRP4-△MET14 10:1","48h","rep1","MSA_pOD",39.9767272727273,45.6717658091017,7.76084523392855,4.48072608494767,"Met14 Trp2"
"347","△TRP4-△MET14 10:1","48h","rep2","MSA_pOD",42.5271551724138,45.6717658091017,7.76084523392855,4.48072608494767,"Met14 Trp2"
"348","△TRP4-△MET14 10:1","48h","rep3","MSA_pOD",54.5114149821641,45.6717658091017,7.76084523392855,4.48072608494767,"Met14 Trp2"
"349","△TRP4-△MET14 2:1","24h","rep1","MSA_pOD",56.558275862069,45.3706577702884,9.69033339356099,5.59471659330966,"Met14 Trp2"
"350","△TRP4-△MET14 2:1","24h","rep2","MSA_pOD",39.6023140495868,45.3706577702884,9.69033339356099,5.59471659330966,"Met14 Trp2"
"351","△TRP4-△MET14 2:1","24h","rep3","MSA_pOD",39.9513833992095,45.3706577702884,9.69033339356099,5.59471659330966,"Met14 Trp2"
"352","△TRP4-△MET14 2:1","48h","rep1","MSA_pOD",31.1341850220264,31.3691388995864,1.75850020690182,1.01527056782478,"Met14 Trp2"
"353","△TRP4-△MET14 2:1","48h","rep2","MSA_pOD",29.7399274047187,31.3691388995864,1.75850020690182,1.01527056782478,"Met14 Trp2"
"354","△TRP4-△MET14 2:1","48h","rep3","MSA_pOD",33.2333042720139,31.3691388995864,1.75850020690182,1.01527056782478,"Met14 Trp2"
"355","△TRP4-△TRP2 1:1","24h","rep1","MSA_pOD",86.3346820809249,74.3626755823735,11.9010465295201,6.87107241745671,"Trp2 Trp4"
"356","△TRP4-△TRP2 1:1","24h","rep2","MSA_pOD",62.5338815789474,74.3626755823735,11.9010465295201,6.87107241745671,"Trp2 Trp4"
"357","△TRP4-△TRP2 1:1","24h","rep3","MSA_pOD",74.2194630872483,74.3626755823735,11.9010465295201,6.87107241745671,"Trp2 Trp4"
"358","△TRP4-△TRP2 1:1","48h","rep1","MSA_pOD",62.9813258636788,68.0623467002014,4.40183848105647,2.54140263196721,"Trp2 Trp4"
"359","△TRP4-△TRP2 1:1","48h","rep2","MSA_pOD",70.4862275449102,68.0623467002014,4.40183848105647,2.54140263196721,"Trp2 Trp4"
"360","△TRP4-△TRP2 1:1","48h","rep3","MSA_pOD",70.7194866920152,68.0623467002014,4.40183848105647,2.54140263196721,"Trp2 Trp4"
"361","△TRP4-△TRP2 1:10","24h","rep1","MSA_pOD",123.986274509804,120.49221021742,5.42920732450553,3.13455431028956,"Trp2 Trp4"
"362","△TRP4-△TRP2 1:10","24h","rep2","MSA_pOD",123.252941176471,120.49221021742,5.42920732450553,3.13455431028956,"Trp2 Trp4"
"363","△TRP4-△TRP2 1:10","24h","rep3","MSA_pOD",114.237414965986,120.49221021742,5.42920732450553,3.13455431028956,"Trp2 Trp4"
"364","△TRP4-△TRP2 1:10","48h","rep1","MSA_pOD",134.846024096386,150.850751701171,15.9739244167206,9.22254956200839,"Trp2 Trp4"
"365","△TRP4-△TRP2 1:10","48h","rep2","MSA_pOD",166.793693693694,150.850751701171,15.9739244167206,9.22254956200839,"Trp2 Trp4"
"366","△TRP4-△TRP2 1:10","48h","rep3","MSA_pOD",150.912537313433,150.850751701171,15.9739244167206,9.22254956200839,"Trp2 Trp4"
"367","△TRP4-△TRP2 10:1","24h","rep1","MSA_pOD",52.8053864168618,60.1619508112844,6.63702877974452,3.83189035260479,"Trp2 Trp4"
"368","△TRP4-△TRP2 10:1","24h","rep2","MSA_pOD",65.7005747126437,60.1619508112844,6.63702877974452,3.83189035260479,"Trp2 Trp4"
"369","△TRP4-△TRP2 10:1","24h","rep3","MSA_pOD",61.9798913043478,60.1619508112844,6.63702877974452,3.83189035260479,"Trp2 Trp4"
"370","△TRP4-△TRP2 10:1","48h","rep1","MSA_pOD",60.681010719755,60.9528317923594,2.77634984650393,1.60292633124362,"Trp2 Trp4"
"371","△TRP4-△TRP2 10:1","48h","rep2","MSA_pOD",63.8550943396226,60.9528317923594,2.77634984650393,1.60292633124362,"Trp2 Trp4"
"372","△TRP4-△TRP2 10:1","48h","rep3","MSA_pOD",58.3223903177004,60.9528317923594,2.77634984650393,1.60292633124362,"Trp2 Trp4"
"373","BY-BY 1:1","24h","rep1","MSA_pOD",25.8350419384902,25.0418361431413,4.81639857662131,2.78074901473684,"WT"
"374","BY-BY 1:1","24h","rep2","MSA_pOD",19.8780733285406,25.0418361431413,4.81639857662131,2.78074901473684,"WT"
"375","BY-BY 1:1","24h","rep3","MSA_pOD",29.4123931623932,25.0418361431413,4.81639857662131,2.78074901473684,"WT"
"376","BY-BY 1:1","48h","rep1","MSA_pOD",0,0,0,0,"WT"
"377","BY-BY 1:1","48h","rep2","MSA_pOD",0,0,0,0,"WT"
"378","BY-BY 1:1","48h","rep3","MSA_pOD",0,0,0,0,"WT"
"379","BY-BY 1:10","24h","rep1","MSA_pOD",26.8142076502732,20.1122534413567,5.81787200781039,3.35894996982012,"WT"
"380","BY-BY 1:10","24h","rep2","MSA_pOD",16.3606617647059,20.1122534413567,5.81787200781039,3.35894996982012,"WT"
"381","BY-BY 1:10","24h","rep3","MSA_pOD",17.1618909090909,20.1122534413567,5.81787200781039,3.35894996982012,"WT"
"382","BY-BY 1:10","48h","rep1","MSA_pOD",0,0,0,0,"WT"
"383","BY-BY 1:10","48h","rep2","MSA_pOD",0,0,0,0,"WT"
"384","BY-BY 1:10","48h","rep3","MSA_pOD",0,0,0,0,"WT"
"385","BY-BY 10:1","24h","rep1","MSA_pOD",24.9149684400361,24.5515101138534,0.629766288929812,0.363595736440178,"WT"
"386","BY-BY 10:1","24h","rep2","MSA_pOD",24.9152432432432,24.5515101138534,0.629766288929812,0.363595736440178,"WT"
"387","BY-BY 10:1","24h","rep3","MSA_pOD",23.8243186582809,24.5515101138534,0.629766288929812,0.363595736440178,"WT"
"388","BY-BY 10:1","48h","rep1","MSA_pOD",0,0,0,0,"WT"
"389","BY-BY 10:1","48h","rep2","MSA_pOD",0,0,0,0,"WT"
"390","BY-BY 10:1","48h","rep3","MSA_pOD",0,0,0,0,"WT"
"391","RLAs879","24h","rep1","MSA_pOD",48.8551226551227,52.4947014141272,9.79045754124453,5.65252329692713,"WT"
"392","RLAs879","24h","rep2","MSA_pOD",45.045285935085,52.4947014141272,9.79045754124453,5.65252329692713,"WT"
"393","RLAs879","24h","rep3","MSA_pOD",63.5836956521739,52.4947014141272,9.79045754124453,5.65252329692713,"WT"
"394","RLAs879","48h","rep1","MSA_pOD",25.6230916030534,25.3197953224015,1.92528200262991,1.11156208248432,"WT"
"395","RLAs879","48h","rep2","MSA_pOD",23.2608665749656,25.3197953224015,1.92528200262991,1.11156208248432,"WT"
"396","RLAs879","48h","rep3","MSA_pOD",27.0754277891855,25.3197953224015,1.92528200262991,1.11156208248432,"WT"
