"","Sample","Timepoint","Replicate","parameter","value","Mean","SD","SE","col_fac"
"1","△HIS2-△MET3 1:10","24h","rep1","OD600",0.135,0.115666666666667,0.0218250620464945,0.0126007054476239,"His2 Met3"
"2","△HIS2-△MET3 1:10","24h","rep2","OD600",0.092,0.115666666666667,0.0218250620464945,0.0126007054476239,"His2 Met3"
"3","△HIS2-△MET3 1:10","24h","rep3","OD600",0.12,0.115666666666667,0.0218250620464945,0.0126007054476239,"His2 Met3"
"4","△HIS2-△MET3 1:10","48h","rep1","OD600",0.34,0.331,0.00793725393319378,0.00458257569495584,"His2 Met3"
"5","△HIS2-△MET3 1:10","48h","rep2","OD600",0.328,0.331,0.00793725393319378,0.00458257569495584,"His2 Met3"
"6","△HIS2-△MET3 1:10","48h","rep3","OD600",0.325,0.331,0.00793725393319378,0.00458257569495584,"His2 Met3"
"7","△HIS2-△MET3 20:1","24h","rep1","OD600",0.141,0.148666666666667,0.00709459888459759,0.00409606857581484,"His2 Met3"
"8","△HIS2-△MET3 20:1","24h","rep2","OD600",0.155,0.148666666666667,0.00709459888459759,0.00409606857581484,"His2 Met3"
"9","△HIS2-△MET3 20:1","24h","rep3","OD600",0.15,0.148666666666667,0.00709459888459759,0.00409606857581484,"His2 Met3"
"10","△HIS2-△MET3 20:1","48h","rep1","OD600",0.814,0.819333333333333,0.00503322295684717,0.00290593262902712,"His2 Met3"
"11","△HIS2-△MET3 20:1","48h","rep2","OD600",0.824,0.819333333333333,0.00503322295684717,0.00290593262902712,"His2 Met3"
"12","△HIS2-△MET3 20:1","48h","rep3","OD600",0.82,0.819333333333333,0.00503322295684717,0.00290593262902712,"His2 Met3"
"13","△HIS2-△MET3 5:1","24h","rep1","OD600",0.159,0.176,0.0147986485869487,0.00854400374531753,"His2 Met3"
"14","△HIS2-△MET3 5:1","24h","rep2","OD600",0.183,0.176,0.0147986485869487,0.00854400374531753,"His2 Met3"
"15","△HIS2-△MET3 5:1","24h","rep3","OD600",0.186,0.176,0.0147986485869487,0.00854400374531753,"His2 Met3"
"16","△HIS2-△MET3 5:1","48h","rep1","OD600",0.882,0.910666666666667,0.0248260615751539,0.0143333333333333,"His2 Met3"
"17","△HIS2-△MET3 5:1","48h","rep2","OD600",0.925,0.910666666666667,0.0248260615751539,0.0143333333333333,"His2 Met3"
"18","△HIS2-△MET3 5:1","48h","rep3","OD600",0.925,0.910666666666667,0.0248260615751539,0.0143333333333333,"His2 Met3"
"19","△MET14-△TRP4 1:10","24h","rep1","OD600",0.18,0.193666666666667,0.0158219257150744,0.00913479307069648,"Met14 Trp2"
"20","△MET14-△TRP4 1:10","24h","rep2","OD600",0.211,0.193666666666667,0.0158219257150744,0.00913479307069648,"Met14 Trp2"
"21","△MET14-△TRP4 1:10","24h","rep3","OD600",0.19,0.193666666666667,0.0158219257150744,0.00913479307069648,"Met14 Trp2"
"22","△MET14-△TRP4 1:10","48h","rep1","OD600",0.967,0.935666666666667,0.0997613819738547,0.0575972607373341,"Met14 Trp2"
"23","△MET14-△TRP4 1:10","48h","rep2","OD600",1.016,0.935666666666667,0.0997613819738547,0.0575972607373341,"Met14 Trp2"
"24","△MET14-△TRP4 1:10","48h","rep3","OD600",0.824,0.935666666666667,0.0997613819738547,0.0575972607373341,"Met14 Trp2"
"25","△MET14-△TRP4 1:2","24h","rep1","OD600",0.227,0.236333333333333,0.0225018517756502,0.0129914501799367,"Met14 Trp2"
"26","△MET14-△TRP4 1:2","24h","rep2","OD600",0.262,0.236333333333333,0.0225018517756502,0.0129914501799367,"Met14 Trp2"
"27","△MET14-△TRP4 1:2","24h","rep3","OD600",0.22,0.236333333333333,0.0225018517756502,0.0129914501799367,"Met14 Trp2"
"28","△MET14-△TRP4 1:2","48h","rep1","OD600",1.236,1.19633333333333,0.0349618840072061,0.0201852531429369,"Met14 Trp2"
"29","△MET14-△TRP4 1:2","48h","rep2","OD600",1.17,1.19633333333333,0.0349618840072061,0.0201852531429369,"Met14 Trp2"
"30","△MET14-△TRP4 1:2","48h","rep3","OD600",1.183,1.19633333333333,0.0349618840072061,0.0201852531429369,"Met14 Trp2"
"31","△MET14-△TRP4 10:1","24h","rep1","OD600",0.127,0.126666666666667,0.00351188458428425,0.00202758751009941,"Met14 Trp2"
"32","△MET14-△TRP4 10:1","24h","rep2","OD600",0.13,0.126666666666667,0.00351188458428425,0.00202758751009941,"Met14 Trp2"
"33","△MET14-△TRP4 10:1","24h","rep3","OD600",0.123,0.126666666666667,0.00351188458428425,0.00202758751009941,"Met14 Trp2"
"34","△MET14-△TRP4 10:1","48h","rep1","OD600",0.198,0.198333333333333,0.00152752523165195,0.000881917103688198,"Met14 Trp2"
"35","△MET14-△TRP4 10:1","48h","rep2","OD600",0.197,0.198333333333333,0.00152752523165195,0.000881917103688198,"Met14 Trp2"
"36","△MET14-△TRP4 10:1","48h","rep3","OD600",0.2,0.198333333333333,0.00152752523165195,0.000881917103688198,"Met14 Trp2"
"37","△MET3-△HIS2 1:20","24h","rep1","OD600",0.139,0.145333333333333,0.00929157324317757,0.00536449231314369,"His2 Met3"
"38","△MET3-△HIS2 1:20","24h","rep2","OD600",0.156,0.145333333333333,0.00929157324317757,0.00536449231314369,"His2 Met3"
"39","△MET3-△HIS2 1:20","24h","rep3","OD600",0.141,0.145333333333333,0.00929157324317757,0.00536449231314369,"His2 Met3"
"40","△MET3-△HIS2 1:20","48h","rep1","OD600",0.767,0.765666666666667,0.0210317220724632,0.012142670400058,"His2 Met3"
"41","△MET3-△HIS2 1:20","48h","rep2","OD600",0.786,0.765666666666667,0.0210317220724632,0.012142670400058,"His2 Met3"
"42","△MET3-△HIS2 1:20","48h","rep3","OD600",0.744,0.765666666666667,0.0210317220724632,0.012142670400058,"His2 Met3"
"43","△MET3-△HIS2 1:5","24h","rep1","OD600",0.172,0.165,0.0340440890610984,0.0196553639837408,"His2 Met3"
"44","△MET3-△HIS2 1:5","24h","rep2","OD600",0.128,0.165,0.0340440890610984,0.0196553639837408,"His2 Met3"
"45","△MET3-△HIS2 1:5","24h","rep3","OD600",0.195,0.165,0.0340440890610984,0.0196553639837408,"His2 Met3"
"46","△MET3-△HIS2 1:5","48h","rep1","OD600",0.838,0.814666666666667,0.0202319878739913,0.0116809436452901,"His2 Met3"
"47","△MET3-△HIS2 1:5","48h","rep2","OD600",0.802,0.814666666666667,0.0202319878739913,0.0116809436452901,"His2 Met3"
"48","△MET3-△HIS2 1:5","48h","rep3","OD600",0.804,0.814666666666667,0.0202319878739913,0.0116809436452901,"His2 Met3"
"49","△MET3-△HIS2 10:1","24h","rep1","OD600",0.117,0.0953333333333333,0.0510718448201485,0.0294863433549236,"His2 Met3"
"50","△MET3-△HIS2 10:1","24h","rep2","OD600",0.037,0.0953333333333333,0.0510718448201485,0.0294863433549236,"His2 Met3"
"51","△MET3-△HIS2 10:1","24h","rep3","OD600",0.132,0.0953333333333333,0.0510718448201485,0.0294863433549236,"His2 Met3"
"52","△MET3-△HIS2 10:1","48h","rep1","OD600",0.292,0.300666666666667,0.0195021366350801,0.0112595638360364,"His2 Met3"
"53","△MET3-△HIS2 10:1","48h","rep2","OD600",0.323,0.300666666666667,0.0195021366350801,0.0112595638360364,"His2 Met3"
"54","△MET3-△HIS2 10:1","48h","rep3","OD600",0.287,0.300666666666667,0.0195021366350801,0.0112595638360364,"His2 Met3"
"55","△TRP2-△TRP4 1:1","24h","rep1","OD600",0.436,0.446333333333333,0.0572043121917687,0.033026925042725,"Trp2 Trp4"
"56","△TRP2-△TRP4 1:1","24h","rep2","OD600",0.508,0.446333333333333,0.0572043121917687,0.033026925042725,"Trp2 Trp4"
"57","△TRP2-△TRP4 1:1","24h","rep3","OD600",0.395,0.446333333333333,0.0572043121917687,0.033026925042725,"Trp2 Trp4"
"58","△TRP2-△TRP4 1:1","48h","rep1","OD600",1.291,1.26533333333333,0.0241729876790878,0.0139562809436388,"Trp2 Trp4"
"59","△TRP2-△TRP4 1:1","48h","rep2","OD600",1.262,1.26533333333333,0.0241729876790878,0.0139562809436388,"Trp2 Trp4"
"60","△TRP2-△TRP4 1:1","48h","rep3","OD600",1.243,1.26533333333333,0.0241729876790878,0.0139562809436388,"Trp2 Trp4"
"61","△TRP2-△TRP4 1:10","24h","rep1","OD600",0.293,0.309333333333333,0.0336204302966713,0.0194107644820542,"Trp2 Trp4"
"62","△TRP2-△TRP4 1:10","24h","rep2","OD600",0.287,0.309333333333333,0.0336204302966713,0.0194107644820542,"Trp2 Trp4"
"63","△TRP2-△TRP4 1:10","24h","rep3","OD600",0.348,0.309333333333333,0.0336204302966713,0.0194107644820542,"Trp2 Trp4"
"64","△TRP2-△TRP4 1:10","48h","rep1","OD600",1.363,1.353,0.00866025403784433,0.00499999999999997,"Trp2 Trp4"
"65","△TRP2-△TRP4 1:10","48h","rep2","OD600",1.348,1.353,0.00866025403784433,0.00499999999999997,"Trp2 Trp4"
"66","△TRP2-△TRP4 1:10","48h","rep3","OD600",1.348,1.353,0.00866025403784433,0.00499999999999997,"Trp2 Trp4"
"67","△TRP2-△TRP4 10:1","24h","rep1","OD600",0.177,0.176333333333333,0.00901849950564578,0.0052068331172711,"Trp2 Trp4"
"68","△TRP2-△TRP4 10:1","24h","rep2","OD600",0.185,0.176333333333333,0.00901849950564578,0.0052068331172711,"Trp2 Trp4"
"69","△TRP2-△TRP4 10:1","24h","rep3","OD600",0.167,0.176333333333333,0.00901849950564578,0.0052068331172711,"Trp2 Trp4"
"70","△TRP2-△TRP4 10:1","48h","rep1","OD600",0.468,0.431333333333333,0.0365011415346607,0.021073943890765,"Trp2 Trp4"
"71","△TRP2-△TRP4 10:1","48h","rep2","OD600",0.431,0.431333333333333,0.0365011415346607,0.021073943890765,"Trp2 Trp4"
"72","△TRP2-△TRP4 10:1","48h","rep3","OD600",0.395,0.431333333333333,0.0365011415346607,0.021073943890765,"Trp2 Trp4"
"73","△TRP4-△MET14 1:10","24h","rep1","OD600",0.092,0.107,0.0137477270848675,0.00793725393319377,"Met14 Trp2"
"74","△TRP4-△MET14 1:10","24h","rep2","OD600",0.119,0.107,0.0137477270848675,0.00793725393319377,"Met14 Trp2"
"75","△TRP4-△MET14 1:10","24h","rep3","OD600",0.11,0.107,0.0137477270848675,0.00793725393319377,"Met14 Trp2"
"76","△TRP4-△MET14 1:10","48h","rep1","OD600",0.215,0.205333333333333,0.0126622799421484,0.00731057073315377,"Met14 Trp2"
"77","△TRP4-△MET14 1:10","48h","rep2","OD600",0.191,0.205333333333333,0.0126622799421484,0.00731057073315377,"Met14 Trp2"
"78","△TRP4-△MET14 1:10","48h","rep3","OD600",0.21,0.205333333333333,0.0126622799421484,0.00731057073315377,"Met14 Trp2"
"79","△TRP4-△MET14 10:1","24h","rep1","OD600",0.132,0.142,0.00953939201416945,0.0055075705472861,"Met14 Trp2"
"80","△TRP4-△MET14 10:1","24h","rep2","OD600",0.151,0.142,0.00953939201416945,0.0055075705472861,"Met14 Trp2"
"81","△TRP4-△MET14 10:1","24h","rep3","OD600",0.143,0.142,0.00953939201416945,0.0055075705472861,"Met14 Trp2"
"82","△TRP4-△MET14 10:1","48h","rep1","OD600",0.825,0.864666666666667,0.0554286327932896,0.0320017360640187,"Met14 Trp2"
"83","△TRP4-△MET14 10:1","48h","rep2","OD600",0.928,0.864666666666667,0.0554286327932896,0.0320017360640187,"Met14 Trp2"
"84","△TRP4-△MET14 10:1","48h","rep3","OD600",0.841,0.864666666666667,0.0554286327932896,0.0320017360640187,"Met14 Trp2"
"85","△TRP4-△MET14 2:1","24h","rep1","OD600",0.174,0.223,0.0427901857906693,0.024704925284917,"Met14 Trp2"
"86","△TRP4-△MET14 2:1","24h","rep2","OD600",0.242,0.223,0.0427901857906693,0.024704925284917,"Met14 Trp2"
"87","△TRP4-△MET14 2:1","24h","rep3","OD600",0.253,0.223,0.0427901857906693,0.024704925284917,"Met14 Trp2"
"88","△TRP4-△MET14 2:1","48h","rep1","OD600",1.135,1.128,0.023302360395462,0.0134536240470737,"Met14 Trp2"
"89","△TRP4-△MET14 2:1","48h","rep2","OD600",1.102,1.128,0.023302360395462,0.0134536240470737,"Met14 Trp2"
"90","△TRP4-△MET14 2:1","48h","rep3","OD600",1.147,1.128,0.023302360395462,0.0134536240470737,"Met14 Trp2"
"91","△TRP4-△TRP2 1:1","24h","rep1","OD600",0.346,0.467,0.132140077190836,0.0762911091368669,"Trp2 Trp4"
"92","△TRP4-△TRP2 1:1","24h","rep2","OD600",0.608,0.467,0.132140077190836,0.0762911091368669,"Trp2 Trp4"
"93","△TRP4-△TRP2 1:1","24h","rep3","OD600",0.447,0.467,0.132140077190836,0.0762911091368669,"Trp2 Trp4"
"94","△TRP4-△TRP2 1:1","48h","rep1","OD600",1.071,1.04166666666667,0.0356417358350198,0.0205777657787342,"Trp2 Trp4"
"95","△TRP4-△TRP2 1:1","48h","rep2","OD600",1.002,1.04166666666667,0.0356417358350198,0.0205777657787342,"Trp2 Trp4"
"96","△TRP4-△TRP2 1:1","48h","rep3","OD600",1.052,1.04166666666667,0.0356417358350198,0.0205777657787342,"Trp2 Trp4"
"97","△TRP4-△TRP2 1:10","24h","rep1","OD600",0.153,0.151,0.00346410161513776,0.002,"Trp2 Trp4"
"98","△TRP4-△TRP2 1:10","24h","rep2","OD600",0.153,0.151,0.00346410161513776,0.002,"Trp2 Trp4"
"99","△TRP4-△TRP2 1:10","24h","rep3","OD600",0.147,0.151,0.00346410161513776,0.002,"Trp2 Trp4"
"100","△TRP4-△TRP2 1:10","48h","rep1","OD600",0.415,0.361,0.046776062254106,0.0270061721340388,"Trp2 Trp4"
"101","△TRP4-△TRP2 1:10","48h","rep2","OD600",0.333,0.361,0.046776062254106,0.0270061721340388,"Trp2 Trp4"
"102","△TRP4-△TRP2 1:10","48h","rep3","OD600",0.335,0.361,0.046776062254106,0.0270061721340388,"Trp2 Trp4"
"103","△TRP4-△TRP2 10:1","24h","rep1","OD600",0.427,0.381,0.0410731055558257,0.0237135685491099,"Trp2 Trp4"
"104","△TRP4-△TRP2 10:1","24h","rep2","OD600",0.348,0.381,0.0410731055558257,0.0237135685491099,"Trp2 Trp4"
"105","△TRP4-△TRP2 10:1","24h","rep3","OD600",0.368,0.381,0.0410731055558257,0.0237135685491099,"Trp2 Trp4"
"106","△TRP4-△TRP2 10:1","48h","rep1","OD600",1.306,1.31766666666667,0.0102143689640297,0.00589726867098469,"Trp2 Trp4"
"107","△TRP4-△TRP2 10:1","48h","rep2","OD600",1.325,1.31766666666667,0.0102143689640297,0.00589726867098469,"Trp2 Trp4"
"108","△TRP4-△TRP2 10:1","48h","rep3","OD600",1.322,1.31766666666667,0.0102143689640297,0.00589726867098469,"Trp2 Trp4"
"109","BY-BY 1:1","24h","rep1","OD600",1.073,1.13333333333333,0.233423077979306,0.134766876906424,"WT"
"110","BY-BY 1:1","24h","rep2","OD600",1.391,1.13333333333333,0.233423077979306,0.134766876906424,"WT"
"111","BY-BY 1:1","24h","rep3","OD600",0.936,1.13333333333333,0.233423077979306,0.134766876906424,"WT"
"112","BY-BY 1:1","48h","rep1","OD600",1.583,1.55766666666667,0.0638853139096407,0.0368842031829948,"WT"
"113","BY-BY 1:1","48h","rep2","OD600",1.605,1.55766666666667,0.0638853139096407,0.0368842031829948,"WT"
"114","BY-BY 1:1","48h","rep3","OD600",1.485,1.55766666666667,0.0638853139096407,0.0368842031829948,"WT"
"115","BY-BY 1:10","24h","rep1","OD600",0.915,1.21666666666667,0.261358629728068,0.150895475228532,"WT"
"116","BY-BY 1:10","24h","rep2","OD600",1.36,1.21666666666667,0.261358629728068,0.150895475228532,"WT"
"117","BY-BY 1:10","24h","rep3","OD600",1.375,1.21666666666667,0.261358629728068,0.150895475228532,"WT"
"118","BY-BY 1:10","48h","rep1","OD600",1.465,1.507,0.0386264158316558,0.0223009715782369,"WT"
"119","BY-BY 1:10","48h","rep2","OD600",1.541,1.507,0.0386264158316558,0.0223009715782369,"WT"
"120","BY-BY 1:10","48h","rep3","OD600",1.515,1.507,0.0386264158316558,0.0223009715782369,"WT"
"121","BY-BY 10:1","24h","rep1","OD600",1.109,0.996,0.0989292676612942,0.0571168393149808,"WT"
"122","BY-BY 10:1","24h","rep2","OD600",0.925,0.996,0.0989292676612942,0.0571168393149808,"WT"
"123","BY-BY 10:1","24h","rep3","OD600",0.954,0.996,0.0989292676612942,0.0571168393149808,"WT"
"124","BY-BY 10:1","48h","rep1","OD600",1.587,1.53,0.0494267134250295,0.0285365263010993,"WT"
"125","BY-BY 10:1","48h","rep2","OD600",1.499,1.53,0.0494267134250295,0.0285365263010993,"WT"
"126","BY-BY 10:1","48h","rep3","OD600",1.504,1.53,0.0494267134250295,0.0285365263010993,"WT"
"127","RLAs879","24h","rep1","OD600",0.693,0.630666666666667,0.0719050299585038,0.0415143884026303,"WT"
"128","RLAs879","24h","rep2","OD600",0.647,0.630666666666667,0.0719050299585038,0.0415143884026303,"WT"
"129","RLAs879","24h","rep3","OD600",0.552,0.630666666666667,0.0719050299585038,0.0415143884026303,"WT"
"130","RLAs879","48h","rep1","OD600",1.572,1.49566666666667,0.0661991943556214,0.0382201226813544,"WT"
"131","RLAs879","48h","rep2","OD600",1.454,1.49566666666667,0.0661991943556214,0.0382201226813544,"WT"
"132","RLAs879","48h","rep3","OD600",1.461,1.49566666666667,0.0661991943556214,0.0382201226813544,"WT"
"133","△HIS2-△MET3 1:10","24h","rep1","Glucose",21.1142261987092,22.1997241718905,1.87768578273262,1.08408239211421,"His2 Met3"
"134","△HIS2-△MET3 1:10","24h","rep2","Glucose",21.117057977261,22.1997241718905,1.87768578273262,1.08408239211421,"His2 Met3"
"135","△HIS2-△MET3 1:10","24h","rep3","Glucose",24.3678883397012,22.1997241718905,1.87768578273262,1.08408239211421,"His2 Met3"
"136","△HIS2-△MET3 1:10","48h","rep1","Glucose",22.1226834479578,22.5113654883423,0.367133061251538,0.211964371741987,"His2 Met3"
"137","△HIS2-△MET3 1:10","48h","rep2","Glucose",22.5591412047418,22.5113654883423,0.367133061251538,0.211964371741987,"His2 Met3"
"138","△HIS2-△MET3 1:10","48h","rep3","Glucose",22.8522718123272,22.5113654883423,0.367133061251538,0.211964371741987,"His2 Met3"
"139","△HIS2-△MET3 20:1","24h","rep1","Glucose",19.4778675380859,19.5280274590995,0.0680186390246016,0.0392705795507657,"His2 Met3"
"140","△HIS2-△MET3 20:1","24h","rep2","Glucose",19.605447862838,19.5280274590995,0.0680186390246016,0.0392705795507657,"His2 Met3"
"141","△HIS2-△MET3 20:1","24h","rep3","Glucose",19.5007669763745,19.5280274590995,0.0680186390246016,0.0392705795507657,"His2 Met3"
"142","△HIS2-△MET3 20:1","48h","rep1","Glucose",8.66445417584874,9.36349413584139,1.53773168953276,0.887809804893159,"His2 Met3"
"143","△HIS2-△MET3 20:1","48h","rep2","Glucose",8.29946323251467,9.36349413584139,1.53773168953276,0.887809804893159,"His2 Met3"
"144","△HIS2-△MET3 20:1","48h","rep3","Glucose",11.1265649991608,9.36349413584139,1.53773168953276,0.887809804893159,"His2 Met3"
"145","△HIS2-△MET3 5:1","24h","rep1","Glucose",19.0203790795575,19.019657951593,0.0399918835758024,0.0230893247478897,"His2 Met3"
"146","△HIS2-△MET3 5:1","24h","rep2","Glucose",19.0592843946603,19.019657951593,0.0399918835758024,0.0230893247478897,"His2 Met3"
"147","△HIS2-△MET3 5:1","24h","rep3","Glucose",18.9793103805611,19.019657951593,0.0399918835758024,0.0230893247478897,"His2 Met3"
"148","△HIS2-△MET3 5:1","48h","rep1","Glucose",7.36167487587419,6.92048084422071,0.660589297430536,0.381391408695306,"His2 Met3"
"149","△HIS2-△MET3 5:1","48h","rep2","Glucose",7.23876144873534,6.92048084422071,0.660589297430536,0.381391408695306,"His2 Met3"
"150","△HIS2-△MET3 5:1","48h","rep3","Glucose",6.1610062080526,6.92048084422071,0.660589297430536,0.381391408695306,"His2 Met3"
"151","△MET14-△TRP4 1:10","24h","rep1","Glucose",20.2105190483887,19.5041913454566,0.622563239423949,0.359437053868982,"Met14 Trp2"
"152","△MET14-△TRP4 1:10","24h","rep2","Glucose",19.0352221869663,19.5041913454566,0.622563239423949,0.359437053868982,"Met14 Trp2"
"153","△MET14-△TRP4 1:10","24h","rep3","Glucose",19.2668328010146,19.5041913454566,0.622563239423949,0.359437053868982,"Met14 Trp2"
"154","△MET14-△TRP4 1:10","48h","rep1","Glucose",7.88989056323086,9.01380145426672,2.80004397191975,1.61660614093066,"Met14 Trp2"
"155","△MET14-△TRP4 1:10","48h","rep2","Glucose",6.95033036749655,9.01380145426672,2.80004397191975,1.61660614093066,"Met14 Trp2"
"156","△MET14-△TRP4 1:10","48h","rep3","Glucose",12.2011834320728,9.01380145426672,2.80004397191975,1.61660614093066,"Met14 Trp2"
"157","△MET14-△TRP4 1:2","24h","rep1","Glucose",19.3811480625508,20.0272154388017,1.80816367680803,1.04394378554402,"Met14 Trp2"
"158","△MET14-△TRP4 1:2","24h","rep2","Glucose",18.6308295762833,20.0272154388017,1.80816367680803,1.04394378554402,"Met14 Trp2"
"159","△MET14-△TRP4 1:2","24h","rep3","Glucose",22.0696686775709,20.0272154388017,1.80816367680803,1.04394378554402,"Met14 Trp2"
"160","△MET14-△TRP4 1:2","48h","rep1","Glucose",5.51170133637412,4.0122842335278,2.3965488383861,1.3836481169683,"Met14 Trp2"
"161","△MET14-△TRP4 1:2","48h","rep2","Glucose",5.27683921961376,4.0122842335278,2.3965488383861,1.3836481169683,"Met14 Trp2"
"162","△MET14-△TRP4 1:2","48h","rep3","Glucose",1.24831214459552,4.0122842335278,2.3965488383861,1.3836481169683,"Met14 Trp2"
"163","△MET14-△TRP4 10:1","24h","rep1","Glucose",21.8370851340202,21.2313719204645,0.935434149849515,0.540073158224786,"Met14 Trp2"
"164","△MET14-△TRP4 10:1","24h","rep2","Glucose",21.7030285000803,21.2313719204645,0.935434149849515,0.540073158224786,"Met14 Trp2"
"165","△MET14-△TRP4 10:1","24h","rep3","Glucose",20.154002127293,21.2313719204645,0.935434149849515,0.540073158224786,"Met14 Trp2"
"166","△MET14-△TRP4 10:1","48h","rep1","Glucose",22.6911531047275,22.4562908231756,0.426533411125643,0.246259179731759,"Met14 Trp2"
"167","△MET14-△TRP4 10:1","48h","rep2","Glucose",21.9639456491404,22.4562908231756,0.426533411125643,0.246259179731759,"Met14 Trp2"
"168","△MET14-△TRP4 10:1","48h","rep3","Glucose",22.7137737156587,22.4562908231756,0.426533411125643,0.246259179731759,"Met14 Trp2"
"169","△MET3-△HIS2 1:20","24h","rep1","Glucose",19.3553852057266,18.8830951672681,0.697990261652232,0.402984865456653,"His2 Met3"
"170","△MET3-△HIS2 1:20","24h","rep2","Glucose",19.212544521279,18.8830951672681,0.697990261652232,0.402984865456653,"His2 Met3"
"171","△MET3-△HIS2 1:20","24h","rep3","Glucose",18.0813557747986,18.8830951672681,0.697990261652232,0.402984865456653,"His2 Met3"
"172","△MET3-△HIS2 1:20","48h","rep1","Glucose",9.18561612431287,9.54199802579983,0.56410087891629,0.325683794292425,"His2 Met3"
"173","△MET3-△HIS2 1:20","48h","rep2","Glucose",9.24800918365342,9.54199802579983,0.56410087891629,0.325683794292425,"His2 Met3"
"174","△MET3-△HIS2 1:20","48h","rep3","Glucose",10.1923687694332,9.54199802579983,0.56410087891629,0.325683794292425,"His2 Met3"
"175","△MET3-△HIS2 1:5","24h","rep1","Glucose",18.8703205238014,19.4331022343134,0.708964776319521,0.409321004454038,"His2 Met3"
"176","△MET3-△HIS2 1:5","24h","rep2","Glucose",19.1996255203862,19.4331022343134,0.708964776319521,0.409321004454038,"His2 Met3"
"177","△MET3-△HIS2 1:5","24h","rep3","Glucose",20.2293606587526,19.4331022343134,0.708964776319521,0.409321004454038,"His2 Met3"
"178","△MET3-△HIS2 1:5","48h","rep1","Glucose",9.22178853581335,9.43130026908023,0.338017062054192,0.195154241767674,"His2 Met3"
"179","△MET3-△HIS2 1:5","48h","rep2","Glucose",9.25086469219304,9.43130026908023,0.338017062054192,0.195154241767674,"His2 Met3"
"180","△MET3-△HIS2 1:5","48h","rep3","Glucose",9.82124757923429,9.43130026908023,0.338017062054192,0.195154241767674,"His2 Met3"
"181","△MET3-△HIS2 10:1","24h","rep1","Glucose",20.5654010168928,21.101126586242,0.715711316997159,0.413216121530371,"His2 Met3"
"182","△MET3-△HIS2 10:1","24h","rep2","Glucose",20.8240203121281,21.101126586242,0.715711316997159,0.413216121530371,"His2 Met3"
"183","△MET3-△HIS2 10:1","24h","rep3","Glucose",21.9139584297052,21.101126586242,0.715711316997159,0.413216121530371,"His2 Met3"
"184","△MET3-△HIS2 10:1","48h","rep1","Glucose",22.1489169495413,22.640111219165,0.607792533143945,0.350909182622101,"His2 Met3"
"185","△MET3-△HIS2 10:1","48h","rep2","Glucose",22.4515909672459,22.640111219165,0.607792533143945,0.350909182622101,"His2 Met3"
"186","△MET3-△HIS2 10:1","48h","rep3","Glucose",23.3198257407079,22.640111219165,0.607792533143945,0.350909182622101,"His2 Met3"
"187","△TRP2-△TRP4 1:1","24h","rep1","Glucose",10.0753245592927,10.015761630588,1.15990857245773,0.669673526543825,"Trp2 Trp4"
"188","△TRP2-△TRP4 1:1","24h","rep2","Glucose",8.82721915135647,10.015761630588,1.15990857245773,0.669673526543825,"Trp2 Trp4"
"189","△TRP2-△TRP4 1:1","24h","rep3","Glucose",11.144741181115,10.015761630588,1.15990857245773,0.669673526543825,"Trp2 Trp4"
"190","△TRP2-△TRP4 1:1","48h","rep1","Glucose",0.0675828694377267,0.0225276231459089,0.0390189878624788,0.0225276231459089,"Trp2 Trp4"
"191","△TRP2-△TRP4 1:1","48h","rep2","Glucose",0,0.0225276231459089,0.0390189878624788,0.0225276231459089,"Trp2 Trp4"
"192","△TRP2-△TRP4 1:1","48h","rep3","Glucose",0,0.0225276231459089,0.0390189878624788,0.0225276231459089,"Trp2 Trp4"
"193","△TRP2-△TRP4 1:10","24h","rep1","Glucose",9.97018884806183,9.33327135963144,0.561278749479495,0.324054437102403,"Trp2 Trp4"
"194","△TRP2-△TRP4 1:10","24h","rep2","Glucose",9.11866789605194,9.33327135963144,0.561278749479495,0.324054437102403,"Trp2 Trp4"
"195","△TRP2-△TRP4 1:10","24h","rep3","Glucose",8.91095733478057,9.33327135963144,0.561278749479495,0.324054437102403,"Trp2 Trp4"
"196","△TRP2-△TRP4 1:10","48h","rep1","Glucose",0,0,0,0,"Trp2 Trp4"
"197","△TRP2-△TRP4 1:10","48h","rep2","Glucose",0,0,0,0,"Trp2 Trp4"
"198","△TRP2-△TRP4 1:10","48h","rep3","Glucose",0,0,0,0,"Trp2 Trp4"
"199","△TRP2-△TRP4 10:1","24h","rep1","Glucose",19.7309597236479,19.7736928176264,0.284047667758438,0.163994997443019,"Trp2 Trp4"
"200","△TRP2-△TRP4 10:1","24h","rep2","Glucose",20.0766858718345,19.7736928176264,0.284047667758438,0.163994997443019,"Trp2 Trp4"
"201","△TRP2-△TRP4 10:1","24h","rep3","Glucose",19.5134328573969,19.7736928176264,0.284047667758438,0.163994997443019,"Trp2 Trp4"
"202","△TRP2-△TRP4 10:1","48h","rep1","Glucose",19.2710488288584,18.7384457304123,0.464297512786153,0.268062293991159,"Trp2 Trp4"
"203","△TRP2-△TRP4 10:1","48h","rep2","Glucose",18.5252726577679,18.7384457304123,0.464297512786153,0.268062293991159,"Trp2 Trp4"
"204","△TRP2-△TRP4 10:1","48h","rep3","Glucose",18.4190157046105,18.7384457304123,0.464297512786153,0.268062293991159,"Trp2 Trp4"
"205","△TRP4-△MET14 1:10","24h","rep1","Glucose",22.0853225595651,21.680127743459,0.39182676026863,0.226221285516792,"Met14 Trp2"
"206","△TRP4-△MET14 1:10","24h","rep2","Glucose",21.6518607137489,21.680127743459,0.39182676026863,0.226221285516792,"Met14 Trp2"
"207","△TRP4-△MET14 1:10","24h","rep3","Glucose",21.3031999570631,21.680127743459,0.39182676026863,0.226221285516792,"Met14 Trp2"
"208","△TRP4-△MET14 1:10","48h","rep1","Glucose",24.9145837551068,24.470999751134,0.551006593663523,0.318123805176894,"Met14 Trp2"
"209","△TRP4-△MET14 1:10","48h","rep2","Glucose",24.6442181158789,24.470999751134,0.551006593663523,0.318123805176894,"Met14 Trp2"
"210","△TRP4-△MET14 1:10","48h","rep3","Glucose",23.8541973824162,24.470999751134,0.551006593663523,0.318123805176894,"Met14 Trp2"
"211","△TRP4-△MET14 10:1","24h","rep1","Glucose",18.7832492658319,19.2775594146954,0.618600335624343,0.357149070293507,"Met14 Trp2"
"212","△TRP4-△MET14 10:1","24h","rep2","Glucose",19.9712673782483,19.2775594146954,0.618600335624343,0.357149070293507,"Met14 Trp2"
"213","△TRP4-△MET14 10:1","24h","rep3","Glucose",19.078161600006,19.2775594146954,0.618600335624343,0.357149070293507,"Met14 Trp2"
"214","△TRP4-△MET14 10:1","48h","rep1","Glucose",10.464666425173,9.87384180150289,1.12139888818185,0.647439949960738,"Met14 Trp2"
"215","△TRP4-△MET14 10:1","48h","rep2","Glucose",8.580566691251,9.87384180150289,1.12139888818185,0.647439949960738,"Met14 Trp2"
"216","△TRP4-△MET14 10:1","48h","rep3","Glucose",10.5762922880847,9.87384180150289,1.12139888818185,0.647439949960738,"Met14 Trp2"
"217","△TRP4-△MET14 2:1","24h","rep1","Glucose",16.8210620518458,17.3210911277845,0.781875123245228,0.451415812878304,"Met14 Trp2"
"218","△TRP4-△MET14 2:1","24h","rep2","Glucose",16.9201011336946,17.3210911277845,0.781875123245228,0.451415812878304,"Met14 Trp2"
"219","△TRP4-△MET14 2:1","24h","rep3","Glucose",18.2221101978131,17.3210911277845,0.781875123245228,0.451415812878304,"Met14 Trp2"
"220","△TRP4-△MET14 2:1","48h","rep1","Glucose",4.40068011332947,4.60225334169798,0.195871282161022,0.113086337482183,"Met14 Trp2"
"221","△TRP4-△MET14 2:1","48h","rep2","Glucose",4.79187539013696,4.60225334169798,0.195871282161022,0.113086337482183,"Met14 Trp2"
"222","△TRP4-△MET14 2:1","48h","rep3","Glucose",4.6142045216275,4.60225334169798,0.195871282161022,0.113086337482183,"Met14 Trp2"
"223","△TRP4-△TRP2 1:1","24h","rep1","Glucose",13.3394180074498,11.9348835307655,1.31393187996087,0.758598924592239,"Trp2 Trp4"
"224","△TRP4-△TRP2 1:1","24h","rep2","Glucose",10.7357469302854,11.9348835307655,1.31393187996087,0.758598924592239,"Trp2 Trp4"
"225","△TRP4-△TRP2 1:1","24h","rep3","Glucose",11.7294856545614,11.9348835307655,1.31393187996087,0.758598924592239,"Trp2 Trp4"
"226","△TRP4-△TRP2 1:1","48h","rep1","Glucose",3.05320636996284,3.31277972606439,0.558174441753911,0.322262164201389,"Trp2 Trp4"
"227","△TRP4-△TRP2 1:1","48h","rep2","Glucose",3.9534724248557,3.31277972606439,0.558174441753911,0.322262164201389,"Trp2 Trp4"
"228","△TRP4-△TRP2 1:1","48h","rep3","Glucose",2.93166038337464,3.31277972606439,0.558174441753911,0.322262164201389,"Trp2 Trp4"
"229","△TRP4-△TRP2 1:10","24h","rep1","Glucose",20.0076177646578,19.3781831324005,0.905043857285496,0.522527314632198,"Trp2 Trp4"
"230","△TRP4-△TRP2 1:10","24h","rep2","Glucose",19.7859361730315,19.3781831324005,0.905043857285496,0.522527314632198,"Trp2 Trp4"
"231","△TRP4-△TRP2 1:10","24h","rep3","Glucose",18.3409954595121,19.3781831324005,0.905043857285496,0.522527314632198,"Trp2 Trp4"
"232","△TRP4-△TRP2 1:10","48h","rep1","Glucose",19.6387627882999,18.5634192724254,0.951821399526298,0.549534341236955,"Trp2 Trp4"
"233","△TRP4-△TRP2 1:10","48h","rep2","Glucose",18.2224483501402,18.5634192724254,0.951821399526298,0.549534341236955,"Trp2 Trp4"
"234","△TRP4-△TRP2 1:10","48h","rep3","Glucose",17.8290466788361,18.5634192724254,0.951821399526298,0.549534341236955,"Trp2 Trp4"
"235","△TRP4-△TRP2 10:1","24h","rep1","Glucose",7.69179905141504,8.07932293655851,0.372926864613355,0.215309425672563,"Trp2 Trp4"
"236","△TRP4-△TRP2 10:1","24h","rep2","Glucose",8.43569907034009,8.07932293655851,0.372926864613355,0.215309425672563,"Trp2 Trp4"
"237","△TRP4-△TRP2 10:1","24h","rep3","Glucose",8.1104706879204,8.07932293655851,0.372926864613355,0.215309425672563,"Trp2 Trp4"
"238","△TRP4-△TRP2 10:1","48h","rep1","Glucose",0,0,0,0,"Trp2 Trp4"
"239","△TRP4-△TRP2 10:1","48h","rep2","Glucose",0,0,0,0,"Trp2 Trp4"
"240","△TRP4-△TRP2 10:1","48h","rep3","Glucose",0,0,0,0,"Trp2 Trp4"
"241","BY-BY 1:1","24h","rep1","Glucose",0.0453006343643291,0.0511851887276573,0.0118923695556874,0.00686606276427862,"WT"
"242","BY-BY 1:1","24h","rep2","Glucose",0.0433823522008576,0.0511851887276573,0.0118923695556874,0.00686606276427862,"WT"
"243","BY-BY 1:1","24h","rep3","Glucose",0.0648725796177852,0.0511851887276573,0.0118923695556874,0.00686606276427862,"WT"
"244","BY-BY 1:1","48h","rep1","Glucose",0,0,0,0,"WT"
"245","BY-BY 1:1","48h","rep2","Glucose",0,0,0,0,"WT"
"246","BY-BY 1:1","48h","rep3","Glucose",0,0,0,0,"WT"
"247","BY-BY 1:10","24h","rep1","Glucose",0.0756434874735186,0.0552162164557163,0.0176916421018447,0.0102142743299066,"WT"
"248","BY-BY 1:10","24h","rep2","Glucose",0.044804719041171,0.0552162164557163,0.0176916421018447,0.0102142743299066,"WT"
"249","BY-BY 1:10","24h","rep3","Glucose",0.0452004428524593,0.0552162164557163,0.0176916421018447,0.0102142743299066,"WT"
"250","BY-BY 1:10","48h","rep1","Glucose",0,0,0,0,"WT"
"251","BY-BY 1:10","48h","rep2","Glucose",0,0,0,0,"WT"
"252","BY-BY 1:10","48h","rep3","Glucose",0,0,0,0,"WT"
"253","BY-BY 10:1","24h","rep1","Glucose",0.0432458675959768,0.0541567939026434,0.0117801253220593,0.00680125852577848,"WT"
"254","BY-BY 10:1","24h","rep2","Glucose",0.0666468229950586,0.0541567939026434,0.0117801253220593,0.00680125852577848,"WT"
"255","BY-BY 10:1","24h","rep3","Glucose",0.0525776911168948,0.0541567939026434,0.0117801253220593,0.00680125852577848,"WT"
"256","BY-BY 10:1","48h","rep1","Glucose",0,0,0,0,"WT"
"257","BY-BY 10:1","48h","rep2","Glucose",0,0,0,0,"WT"
"258","BY-BY 10:1","48h","rep3","Glucose",0,0,0,0,"WT"
"259","RLAs879","24h","rep1","Glucose",1.69970088389975,3.49665610999394,1.57456260601105,0.909074144436398,"WT"
"260","RLAs879","24h","rep2","Glucose",4.1554227787605,3.49665610999394,1.57456260601105,0.909074144436398,"WT"
"261","RLAs879","24h","rep3","Glucose",4.63484466732159,3.49665610999394,1.57456260601105,0.909074144436398,"WT"
"262","RLAs879","48h","rep1","Glucose",0.0489619075998903,0.050095726471523,0.00108881796446314,0.000628629344881297,"WT"
"263","RLAs879","48h","rep2","Glucose",0.0511331310024092,0.050095726471523,0.00108881796446314,0.000628629344881297,"WT"
"264","RLAs879","48h","rep3","Glucose",0.0501921408122695,0.050095726471523,0.00108881796446314,0.000628629344881297,"WT"
"265","△HIS2-△MET3 1:10","24h","rep1","beta Alanine",0.36744,0.315773333333333,0.0648060007509593,0.0374157619786694,"His2 Met3"
"266","△HIS2-△MET3 1:10","24h","rep2","beta Alanine",0.33682,0.315773333333333,0.0648060007509593,0.0374157619786694,"His2 Met3"
"267","△HIS2-△MET3 1:10","24h","rep3","beta Alanine",0.24306,0.315773333333333,0.0648060007509593,0.0374157619786694,"His2 Met3"
"268","△HIS2-△MET3 1:10","48h","rep1","beta Alanine",0.532925,0.775508333333333,0.335046273234509,0.193439056042925,"His2 Met3"
"269","△HIS2-△MET3 1:10","48h","rep2","beta Alanine",1.1578,0.775508333333333,0.335046273234509,0.193439056042925,"His2 Met3"
"270","△HIS2-△MET3 1:10","48h","rep3","beta Alanine",0.6358,0.775508333333333,0.335046273234509,0.193439056042925,"His2 Met3"
"271","△HIS2-△MET3 20:1","24h","rep1","beta Alanine",0.37066,0.585573333333333,0.231277646419479,0.133528211417829,"His2 Met3"
"272","△HIS2-△MET3 20:1","24h","rep2","beta Alanine",0.83032,0.585573333333333,0.231277646419479,0.133528211417829,"His2 Met3"
"273","△HIS2-△MET3 20:1","24h","rep3","beta Alanine",0.55574,0.585573333333333,0.231277646419479,0.133528211417829,"His2 Met3"
"274","△HIS2-△MET3 20:1","48h","rep1","beta Alanine",2.2297,3.304425,2.33397236500885,1.34751957321901,"His2 Met3"
"275","△HIS2-△MET3 20:1","48h","rep2","beta Alanine",5.98215,3.304425,2.33397236500885,1.34751957321901,"His2 Met3"
"276","△HIS2-△MET3 20:1","48h","rep3","beta Alanine",1.701425,3.304425,2.33397236500885,1.34751957321901,"His2 Met3"
"277","△HIS2-△MET3 5:1","24h","rep1","beta Alanine",0.5377,0.55496,0.0957242560691907,0.0552664250095239,"His2 Met3"
"278","△HIS2-△MET3 5:1","24h","rep2","beta Alanine",0.65814,0.55496,0.0957242560691907,0.0552664250095239,"His2 Met3"
"279","△HIS2-△MET3 5:1","24h","rep3","beta Alanine",0.46904,0.55496,0.0957242560691907,0.0552664250095239,"His2 Met3"
"280","△HIS2-△MET3 5:1","48h","rep1","beta Alanine",3.0864,3.60080833333333,1.6056750625386,0.927036929587729,"His2 Met3"
"281","△HIS2-△MET3 5:1","48h","rep2","beta Alanine",5.40065,3.60080833333333,1.6056750625386,0.927036929587729,"His2 Met3"
"282","△HIS2-△MET3 5:1","48h","rep3","beta Alanine",2.315375,3.60080833333333,1.6056750625386,0.927036929587729,"His2 Met3"
"283","△MET14-△TRP4 1:10","24h","rep1","beta Alanine",0.68062,0.540846666666667,0.121760519600293,0.0702984687678979,"Met14 Trp2"
"284","△MET14-△TRP4 1:10","24h","rep2","beta Alanine",0.48412,0.540846666666667,0.121760519600293,0.0702984687678979,"Met14 Trp2"
"285","△MET14-△TRP4 1:10","24h","rep3","beta Alanine",0.4578,0.540846666666667,0.121760519600293,0.0702984687678979,"Met14 Trp2"
"286","△MET14-△TRP4 1:10","48h","rep1","beta Alanine",2.11635,2.80559166666667,1.21667090515814,0.702445274608239,"Met14 Trp2"
"287","△MET14-△TRP4 1:10","48h","rep2","beta Alanine",2.090025,2.80559166666667,1.21667090515814,0.702445274608239,"Met14 Trp2"
"288","△MET14-△TRP4 1:10","48h","rep3","beta Alanine",4.2104,2.80559166666667,1.21667090515814,0.702445274608239,"Met14 Trp2"
"289","△MET14-△TRP4 1:2","24h","rep1","beta Alanine",1.25638,0.78086,0.413231728210698,0.238579449520141,"Met14 Trp2"
"290","△MET14-△TRP4 1:2","24h","rep2","beta Alanine",0.50888,0.78086,0.413231728210698,0.238579449520141,"Met14 Trp2"
"291","△MET14-△TRP4 1:2","24h","rep3","beta Alanine",0.57732,0.78086,0.413231728210698,0.238579449520141,"Met14 Trp2"
"292","△MET14-△TRP4 1:2","48h","rep1","beta Alanine",1.8263,3.02509166666667,1.25474114221155,0.724425136219134,"Met14 Trp2"
"293","△MET14-△TRP4 1:2","48h","rep2","beta Alanine",4.32915,3.02509166666667,1.25474114221155,0.724425136219134,"Met14 Trp2"
"294","△MET14-△TRP4 1:2","48h","rep3","beta Alanine",2.919825,3.02509166666667,1.25474114221155,0.724425136219134,"Met14 Trp2"
"295","△MET14-△TRP4 10:1","24h","rep1","beta Alanine",0.56674,0.549106666666667,0.179181923567455,0.103450731805585,"Met14 Trp2"
"296","△MET14-△TRP4 10:1","24h","rep2","beta Alanine",0.36176,0.549106666666667,0.179181923567455,0.103450731805585,"Met14 Trp2"
"297","△MET14-△TRP4 10:1","24h","rep3","beta Alanine",0.71882,0.549106666666667,0.179181923567455,0.103450731805585,"Met14 Trp2"
"298","△MET14-△TRP4 10:1","48h","rep1","beta Alanine",0.25475,0.482025,0.30100633402804,0.173786087978871,"Met14 Trp2"
"299","△MET14-△TRP4 10:1","48h","rep2","beta Alanine",0.367925,0.482025,0.30100633402804,0.173786087978871,"Met14 Trp2"
"300","△MET14-△TRP4 10:1","48h","rep3","beta Alanine",0.8234,0.482025,0.30100633402804,0.173786087978871,"Met14 Trp2"
"301","△MET3-△HIS2 1:20","24h","rep1","beta Alanine",0.46292,0.59798,0.150968888185613,0.087161928233222,"His2 Met3"
"302","△MET3-△HIS2 1:20","24h","rep2","beta Alanine",0.76096,0.59798,0.150968888185613,0.087161928233222,"His2 Met3"
"303","△MET3-△HIS2 1:20","24h","rep3","beta Alanine",0.57006,0.59798,0.150968888185613,0.087161928233222,"His2 Met3"
"304","△MET3-△HIS2 1:20","48h","rep1","beta Alanine",3.34205,3.2131,0.251726909318412,0.145334598857258,"His2 Met3"
"305","△MET3-△HIS2 1:20","48h","rep2","beta Alanine",3.374225,3.2131,0.251726909318412,0.145334598857258,"His2 Met3"
"306","△MET3-△HIS2 1:20","48h","rep3","beta Alanine",2.923025,3.2131,0.251726909318412,0.145334598857258,"His2 Met3"
"307","△MET3-△HIS2 1:5","24h","rep1","beta Alanine",0.50524,0.652266666666667,0.136612153680898,0.0788730637022411,"His2 Met3"
"308","△MET3-△HIS2 1:5","24h","rep2","beta Alanine",0.67628,0.652266666666667,0.136612153680898,0.0788730637022411,"His2 Met3"
"309","△MET3-△HIS2 1:5","24h","rep3","beta Alanine",0.77528,0.652266666666667,0.136612153680898,0.0788730637022411,"His2 Met3"
"310","△MET3-△HIS2 1:5","48h","rep1","beta Alanine",2.427775,3.09665833333333,0.71074152533346,0.410346810975518,"His2 Met3"
"311","△MET3-△HIS2 1:5","48h","rep2","beta Alanine",3.019275,3.09665833333333,0.71074152533346,0.410346810975518,"His2 Met3"
"312","△MET3-△HIS2 1:5","48h","rep3","beta Alanine",3.842925,3.09665833333333,0.71074152533346,0.410346810975518,"His2 Met3"
"313","△MET3-△HIS2 10:1","24h","rep1","beta Alanine",0.29284,0.47276,0.236217815585531,0.136380419415692,"His2 Met3"
"314","△MET3-△HIS2 10:1","24h","rep2","beta Alanine",0.74026,0.47276,0.236217815585531,0.136380419415692,"His2 Met3"
"315","△MET3-△HIS2 10:1","24h","rep3","beta Alanine",0.38518,0.47276,0.236217815585531,0.136380419415692,"His2 Met3"
"316","△MET3-△HIS2 10:1","48h","rep1","beta Alanine",0.58005,0.718091666666667,0.229698814120433,0.13261667216497,"His2 Met3"
"317","△MET3-△HIS2 10:1","48h","rep2","beta Alanine",0.590975,0.718091666666667,0.229698814120433,0.13261667216497,"His2 Met3"
"318","△MET3-△HIS2 10:1","48h","rep3","beta Alanine",0.98325,0.718091666666667,0.229698814120433,0.13261667216497,"His2 Met3"
"319","△TRP2-△TRP4 1:1","24h","rep1","beta Alanine",0.61258,0.69976,0.0848270782238785,0.0489749364471257,"Trp2 Trp4"
"320","△TRP2-△TRP4 1:1","24h","rep2","beta Alanine",0.78202,0.69976,0.0848270782238785,0.0489749364471257,"Trp2 Trp4"
"321","△TRP2-△TRP4 1:1","24h","rep3","beta Alanine",0.70468,0.69976,0.0848270782238785,0.0489749364471257,"Trp2 Trp4"
"322","△TRP2-△TRP4 1:1","48h","rep1","beta Alanine",2.040625,2.267075,0.231372864657894,0.13358318569341,"Trp2 Trp4"
"323","△TRP2-△TRP4 1:1","48h","rep2","beta Alanine",2.503075,2.267075,0.231372864657894,0.13358318569341,"Trp2 Trp4"
"324","△TRP2-△TRP4 1:1","48h","rep3","beta Alanine",2.257525,2.267075,0.231372864657894,0.13358318569341,"Trp2 Trp4"
"325","△TRP2-△TRP4 1:10","24h","rep1","beta Alanine",0.61424,0.512753333333333,0.121182599961106,0.069964806708643,"Trp2 Trp4"
"326","△TRP2-△TRP4 1:10","24h","rep2","beta Alanine",0.37858,0.512753333333333,0.121182599961106,0.069964806708643,"Trp2 Trp4"
"327","△TRP2-△TRP4 1:10","24h","rep3","beta Alanine",0.54544,0.512753333333333,0.121182599961106,0.069964806708643,"Trp2 Trp4"
"328","△TRP2-△TRP4 1:10","48h","rep1","beta Alanine",2.442175,2.573425,0.242092925082498,0.139772415465284,"Trp2 Trp4"
"329","△TRP2-△TRP4 1:10","48h","rep2","beta Alanine",2.4253,2.573425,0.242092925082498,0.139772415465284,"Trp2 Trp4"
"330","△TRP2-△TRP4 1:10","48h","rep3","beta Alanine",2.8528,2.573425,0.242092925082498,0.139772415465284,"Trp2 Trp4"
"331","△TRP2-△TRP4 10:1","24h","rep1","beta Alanine",0.70254,0.67582,0.0472536644081705,0.0272819158662535,"Trp2 Trp4"
"332","△TRP2-△TRP4 10:1","24h","rep2","beta Alanine",0.70366,0.67582,0.0472536644081705,0.0272819158662535,"Trp2 Trp4"
"333","△TRP2-△TRP4 10:1","24h","rep3","beta Alanine",0.62126,0.67582,0.0472536644081705,0.0272819158662535,"Trp2 Trp4"
"334","△TRP2-△TRP4 10:1","48h","rep1","beta Alanine",0.5055,0.640341666666667,0.130908012391654,0.0755797761934001,"Trp2 Trp4"
"335","△TRP2-△TRP4 10:1","48h","rep2","beta Alanine",0.766925,0.640341666666667,0.130908012391654,0.0755797761934001,"Trp2 Trp4"
"336","△TRP2-△TRP4 10:1","48h","rep3","beta Alanine",0.6486,0.640341666666667,0.130908012391654,0.0755797761934001,"Trp2 Trp4"
"337","△TRP4-△MET14 1:10","24h","rep1","beta Alanine",0.60482,0.483666666666667,0.105557863436758,0.0609438608702942,"Met14 Trp2"
"338","△TRP4-△MET14 1:10","24h","rep2","beta Alanine",0.43466,0.483666666666667,0.105557863436758,0.0609438608702942,"Met14 Trp2"
"339","△TRP4-△MET14 1:10","24h","rep3","beta Alanine",0.41152,0.483666666666667,0.105557863436758,0.0609438608702942,"Met14 Trp2"
"340","△TRP4-△MET14 1:10","48h","rep1","beta Alanine",0.39475,0.343533333333333,0.0449721117286406,0.0259646608125566,"Met14 Trp2"
"341","△TRP4-△MET14 1:10","48h","rep2","beta Alanine",0.3105,0.343533333333333,0.0449721117286406,0.0259646608125566,"Met14 Trp2"
"342","△TRP4-△MET14 1:10","48h","rep3","beta Alanine",0.32535,0.343533333333333,0.0449721117286406,0.0259646608125566,"Met14 Trp2"
"343","△TRP4-△MET14 10:1","24h","rep1","beta Alanine",0.68258,0.522326666666667,0.158451821489478,0.0914822017905365,"Met14 Trp2"
"344","△TRP4-△MET14 10:1","24h","rep2","beta Alanine",0.51866,0.522326666666667,0.158451821489478,0.0914822017905365,"Met14 Trp2"
"345","△TRP4-△MET14 10:1","24h","rep3","beta Alanine",0.36574,0.522326666666667,0.158451821489478,0.0914822017905365,"Met14 Trp2"
"346","△TRP4-△MET14 10:1","48h","rep1","beta Alanine",1.99725,3.29158333333333,1.98428554039819,1.14562779089798,"Met14 Trp2"
"347","△TRP4-△MET14 10:1","48h","rep2","beta Alanine",2.3014,3.29158333333333,1.98428554039819,1.14562779089798,"Met14 Trp2"
"348","△TRP4-△MET14 10:1","48h","rep3","beta Alanine",5.5761,3.29158333333333,1.98428554039819,1.14562779089798,"Met14 Trp2"
"349","△TRP4-△MET14 2:1","24h","rep1","beta Alanine",0.55804,0.575046666666667,0.0533627597986961,0.0308090037344785,"Met14 Trp2"
"350","△TRP4-△MET14 2:1","24h","rep2","beta Alanine",0.53226,0.575046666666667,0.0533627597986961,0.0308090037344785,"Met14 Trp2"
"351","△TRP4-△MET14 2:1","24h","rep3","beta Alanine",0.63484,0.575046666666667,0.0533627597986961,0.0308090037344785,"Met14 Trp2"
"352","△TRP4-△MET14 2:1","48h","rep1","beta Alanine",1.75885,2.21493333333333,0.594260048470645,0.343096198953167,"Met14 Trp2"
"353","△TRP4-△MET14 2:1","48h","rep2","beta Alanine",1.998975,2.21493333333333,0.594260048470645,0.343096198953167,"Met14 Trp2"
"354","△TRP4-△MET14 2:1","48h","rep3","beta Alanine",2.886975,2.21493333333333,0.594260048470645,0.343096198953167,"Met14 Trp2"
"355","△TRP4-△TRP2 1:1","24h","rep1","beta Alanine",0.42996,0.6696,0.334237187039384,0.192971929910372,"Trp2 Trp4"
"356","△TRP4-△TRP2 1:1","24h","rep2","beta Alanine",1.05142,0.6696,0.334237187039384,0.192971929910372,"Trp2 Trp4"
"357","△TRP4-△TRP2 1:1","24h","rep3","beta Alanine",0.52742,0.6696,0.334237187039384,0.192971929910372,"Trp2 Trp4"
"358","△TRP4-△TRP2 1:1","48h","rep1","beta Alanine",0.68055,0.805575,0.291423239250064,0.168253285629137,"Trp2 Trp4"
"359","△TRP4-△TRP2 1:1","48h","rep2","beta Alanine",1.13865,0.805575,0.291423239250064,0.168253285629137,"Trp2 Trp4"
"360","△TRP4-△TRP2 1:1","48h","rep3","beta Alanine",0.597525,0.805575,0.291423239250064,0.168253285629137,"Trp2 Trp4"
"361","△TRP4-△TRP2 1:10","24h","rep1","beta Alanine",1.0123,0.695066666666667,0.304267207785087,0.175668754320296,"Trp2 Trp4"
"362","△TRP4-△TRP2 1:10","24h","rep2","beta Alanine",0.66722,0.695066666666667,0.304267207785087,0.175668754320296,"Trp2 Trp4"
"363","△TRP4-△TRP2 1:10","24h","rep3","beta Alanine",0.40568,0.695066666666667,0.304267207785087,0.175668754320296,"Trp2 Trp4"
"364","△TRP4-△TRP2 1:10","48h","rep1","beta Alanine",0.562425,0.618808333333333,0.0495297911194195,0.0285960382357028,"Trp2 Trp4"
"365","△TRP4-△TRP2 1:10","48h","rep2","beta Alanine",0.6387,0.618808333333333,0.0495297911194195,0.0285960382357028,"Trp2 Trp4"
"366","△TRP4-△TRP2 1:10","48h","rep3","beta Alanine",0.6553,0.618808333333333,0.0495297911194195,0.0285960382357028,"Trp2 Trp4"
"367","△TRP4-△TRP2 10:1","24h","rep1","beta Alanine",0.57716,0.682013333333333,0.0918036825695644,0.0530028808441369,"Trp2 Trp4"
"368","△TRP4-△TRP2 10:1","24h","rep2","beta Alanine",0.74794,0.682013333333333,0.0918036825695644,0.0530028808441369,"Trp2 Trp4"
"369","△TRP4-△TRP2 10:1","24h","rep3","beta Alanine",0.72094,0.682013333333333,0.0918036825695644,0.0530028808441369,"Trp2 Trp4"
"370","△TRP4-△TRP2 10:1","48h","rep1","beta Alanine",0.910325,1.12374166666667,0.301040937138678,0.173806066094113,"Trp2 Trp4"
"371","△TRP4-△TRP2 10:1","48h","rep2","beta Alanine",1.468075,1.12374166666667,0.301040937138678,0.173806066094113,"Trp2 Trp4"
"372","△TRP4-△TRP2 10:1","48h","rep3","beta Alanine",0.992825,1.12374166666667,0.301040937138678,0.173806066094113,"Trp2 Trp4"
"373","BY-BY 1:1","24h","rep1","beta Alanine",1.92172,1.633,0.285101647136596,0.164603512720719,"WT"
"374","BY-BY 1:1","24h","rep2","beta Alanine",1.35166,1.633,0.285101647136596,0.164603512720719,"WT"
"375","BY-BY 1:1","24h","rep3","beta Alanine",1.62562,1.633,0.285101647136596,0.164603512720719,"WT"
"376","BY-BY 1:1","48h","rep1","beta Alanine",2.417825,2.37666666666667,0.731331641738776,0.422234520224773,"WT"
"377","BY-BY 1:1","48h","rep2","beta Alanine",3.08655,2.37666666666667,0.731331641738776,0.422234520224773,"WT"
"378","BY-BY 1:1","48h","rep3","beta Alanine",1.625625,2.37666666666667,0.731331641738776,0.422234520224773,"WT"
"379","BY-BY 1:10","24h","rep1","beta Alanine",2.086,1.6726,0.361867027511488,0.208924025744607,"WT"
"380","BY-BY 1:10","24h","rep2","beta Alanine",1.51856,1.6726,0.361867027511488,0.208924025744607,"WT"
"381","BY-BY 1:10","24h","rep3","beta Alanine",1.41324,1.6726,0.361867027511488,0.208924025744607,"WT"
"382","BY-BY 1:10","48h","rep1","beta Alanine",1.9381,2.31451666666667,0.328228609673705,0.18950287615085,"WT"
"383","BY-BY 1:10","48h","rep2","beta Alanine",2.541025,2.31451666666667,0.328228609673705,0.18950287615085,"WT"
"384","BY-BY 1:10","48h","rep3","beta Alanine",2.464425,2.31451666666667,0.328228609673705,0.18950287615085,"WT"
"385","BY-BY 10:1","24h","rep1","beta Alanine",2.72734,2.51476666666667,0.404197219353787,0.233363373399607,"WT"
"386","BY-BY 10:1","24h","rep2","beta Alanine",2.04864,2.51476666666667,0.404197219353787,0.233363373399607,"WT"
"387","BY-BY 10:1","24h","rep3","beta Alanine",2.76832,2.51476666666667,0.404197219353787,0.233363373399607,"WT"
"388","BY-BY 10:1","48h","rep1","beta Alanine",1.65015,1.3444,0.266876099529351,0.154080987903548,"WT"
"389","BY-BY 10:1","48h","rep2","beta Alanine",1.1582,1.3444,0.266876099529351,0.154080987903548,"WT"
"390","BY-BY 10:1","48h","rep3","beta Alanine",1.22485,1.3444,0.266876099529351,0.154080987903548,"WT"
"391","RLAs879","24h","rep1","beta Alanine",1.07544,0.968213333333333,0.0967795233163159,0.0558756838387187,"WT"
"392","RLAs879","24h","rep2","beta Alanine",0.94186,0.968213333333333,0.0967795233163159,0.0558756838387187,"WT"
"393","RLAs879","24h","rep3","beta Alanine",0.88734,0.968213333333333,0.0967795233163159,0.0558756838387187,"WT"
"394","RLAs879","48h","rep1","beta Alanine",3.057975,3.49546666666667,0.559643218004412,0.323110162564995,"WT"
"395","RLAs879","48h","rep2","beta Alanine",3.302325,3.49546666666667,0.559643218004412,0.323110162564995,"WT"
"396","RLAs879","48h","rep3","beta Alanine",4.1261,3.49546666666667,0.559643218004412,0.323110162564995,"WT"
"397","△HIS2-△MET3 1:10","24h","rep1","MSA",5.00524,5.28295333333333,0.248297494416141,0.143354625240269,"His2 Met3"
"398","△HIS2-△MET3 1:10","24h","rep2","MSA",5.3601,5.28295333333333,0.248297494416141,0.143354625240269,"His2 Met3"
"399","△HIS2-△MET3 1:10","24h","rep3","MSA",5.48352,5.28295333333333,0.248297494416141,0.143354625240269,"His2 Met3"
"400","△HIS2-△MET3 1:10","48h","rep1","MSA",19.2096,19.3393,0.986565046005584,0.5695935948844,"His2 Met3"
"401","△HIS2-△MET3 1:10","48h","rep2","MSA",18.424,19.3393,0.986565046005584,0.5695935948844,"His2 Met3"
"402","△HIS2-△MET3 1:10","48h","rep3","MSA",20.3843,19.3393,0.986565046005584,0.5695935948844,"His2 Met3"
"403","△HIS2-△MET3 20:1","24h","rep1","MSA",13.9,14.5596333333333,0.939642327342342,0.542502750633068,"His2 Met3"
"404","△HIS2-△MET3 20:1","24h","rep2","MSA",15.6355,14.5596333333333,0.939642327342342,0.542502750633068,"His2 Met3"
"405","△HIS2-△MET3 20:1","24h","rep3","MSA",14.1434,14.5596333333333,0.939642327342342,0.542502750633068,"His2 Met3"
"406","△HIS2-△MET3 20:1","48h","rep1","MSA",53.5459,52.5132,0.940914709205888,0.543237360644498,"His2 Met3"
"407","△HIS2-△MET3 20:1","48h","rep2","MSA",52.2892,52.5132,0.940914709205888,0.543237360644498,"His2 Met3"
"408","△HIS2-△MET3 20:1","48h","rep3","MSA",51.7045,52.5132,0.940914709205888,0.543237360644498,"His2 Met3"
"409","△HIS2-△MET3 5:1","24h","rep1","MSA",15.4669,15.3937333333333,0.96024290850458,0.554396501712548,"His2 Met3"
"410","△HIS2-△MET3 5:1","24h","rep2","MSA",16.3153,15.3937333333333,0.96024290850458,0.554396501712548,"His2 Met3"
"411","△HIS2-△MET3 5:1","24h","rep3","MSA",14.399,15.3937333333333,0.96024290850458,0.554396501712548,"His2 Met3"
"412","△HIS2-△MET3 5:1","48h","rep1","MSA",51.0625,46.6250666666667,8.08169611797755,4.66596942922309,"His2 Met3"
"413","△HIS2-△MET3 5:1","48h","rep2","MSA",51.5159,46.6250666666667,8.08169611797755,4.66596942922309,"His2 Met3"
"414","△HIS2-△MET3 5:1","48h","rep3","MSA",37.2968,46.6250666666667,8.08169611797755,4.66596942922309,"His2 Met3"
"415","△MET14-△TRP4 1:10","24h","rep1","MSA",8.55936,9.06839333333333,0.506923341081602,0.292672327431967,"Met14 Trp2"
"416","△MET14-△TRP4 1:10","24h","rep2","MSA",9.07264,9.06839333333333,0.506923341081602,0.292672327431967,"Met14 Trp2"
"417","△MET14-△TRP4 1:10","24h","rep3","MSA",9.57318,9.06839333333333,0.506923341081602,0.292672327431967,"Met14 Trp2"
"418","△MET14-△TRP4 1:10","48h","rep1","MSA",39.2801,42.3115666666667,3.37316863102534,1.94749981714448,"Met14 Trp2"
"419","△MET14-△TRP4 1:10","48h","rep2","MSA",41.7093,42.3115666666667,3.37316863102534,1.94749981714448,"Met14 Trp2"
"420","△MET14-△TRP4 1:10","48h","rep3","MSA",45.9453,42.3115666666667,3.37316863102534,1.94749981714448,"Met14 Trp2"
"421","△MET14-△TRP4 1:2","24h","rep1","MSA",13.404,12.8311,1.06834480857072,0.616809162815642,"Met14 Trp2"
"422","△MET14-△TRP4 1:2","24h","rep2","MSA",13.4908,12.8311,1.06834480857072,0.616809162815642,"Met14 Trp2"
"423","△MET14-△TRP4 1:2","24h","rep3","MSA",11.5985,12.8311,1.06834480857072,0.616809162815642,"Met14 Trp2"
"424","△MET14-△TRP4 1:2","48h","rep1","MSA",49.8915,45.5005333333333,3.80458949997675,2.1965807719676,"Met14 Trp2"
"425","△MET14-△TRP4 1:2","48h","rep2","MSA",43.1848,45.5005333333333,3.80458949997675,2.1965807719676,"Met14 Trp2"
"426","△MET14-△TRP4 1:2","48h","rep3","MSA",43.4253,45.5005333333333,3.80458949997675,2.1965807719676,"Met14 Trp2"
"427","△MET14-△TRP4 10:1","24h","rep1","MSA",5.06224,4.81548,0.274609404063299,0.158545813357948,"Met14 Trp2"
"428","△MET14-△TRP4 10:1","24h","rep2","MSA",4.51964,4.81548,0.274609404063299,0.158545813357948,"Met14 Trp2"
"429","△MET14-△TRP4 10:1","24h","rep3","MSA",4.86456,4.81548,0.274609404063299,0.158545813357948,"Met14 Trp2"
"430","△MET14-△TRP4 10:1","48h","rep1","MSA",10.3726,11.16146,1.75024777183118,1.01050602221527,"Met14 Trp2"
"431","△MET14-△TRP4 10:1","48h","rep2","MSA",9.94448,11.16146,1.75024777183118,1.01050602221527,"Met14 Trp2"
"432","△MET14-△TRP4 10:1","48h","rep3","MSA",13.1673,11.16146,1.75024777183118,1.01050602221527,"Met14 Trp2"
"433","△MET3-△HIS2 1:20","24h","rep1","MSA",12.8607,12.8493666666667,0.0800043332159782,0.0461905233185816,"His2 Met3"
"434","△MET3-△HIS2 1:20","24h","rep2","MSA",12.9231,12.8493666666667,0.0800043332159782,0.0461905233185816,"His2 Met3"
"435","△MET3-△HIS2 1:20","24h","rep3","MSA",12.7643,12.8493666666667,0.0800043332159782,0.0461905233185816,"His2 Met3"
"436","△MET3-△HIS2 1:20","48h","rep1","MSA",32.6013,34.5345,2.11647199839733,1.22194567800701,"His2 Met3"
"437","△MET3-△HIS2 1:20","48h","rep2","MSA",34.2063,34.5345,2.11647199839733,1.22194567800701,"His2 Met3"
"438","△MET3-△HIS2 1:20","48h","rep3","MSA",36.7959,34.5345,2.11647199839733,1.22194567800701,"His2 Met3"
"439","△MET3-△HIS2 1:5","24h","rep1","MSA",11.5531,11.8356866666667,2.03697450807155,1.17604778056751,"His2 Met3"
"440","△MET3-△HIS2 1:5","24h","rep2","MSA",9.95476,11.8356866666667,2.03697450807155,1.17604778056751,"His2 Met3"
"441","△MET3-△HIS2 1:5","24h","rep3","MSA",13.9992,11.8356866666667,2.03697450807155,1.17604778056751,"His2 Met3"
"442","△MET3-△HIS2 1:5","48h","rep1","MSA",45.4664,37.4009,6.98503207651905,4.03281014967644,"His2 Met3"
"443","△MET3-△HIS2 1:5","48h","rep2","MSA",33.4063,37.4009,6.98503207651905,4.03281014967644,"His2 Met3"
"444","△MET3-△HIS2 1:5","48h","rep3","MSA",33.33,37.4009,6.98503207651905,4.03281014967644,"His2 Met3"
"445","△MET3-△HIS2 10:1","24h","rep1","MSA",4.9913,5.55482666666667,0.503063428340138,0.290443805771635,"His2 Met3"
"446","△MET3-△HIS2 10:1","24h","rep2","MSA",5.71452,5.55482666666667,0.503063428340138,0.290443805771635,"His2 Met3"
"447","△MET3-△HIS2 10:1","24h","rep3","MSA",5.95866,5.55482666666667,0.503063428340138,0.290443805771635,"His2 Met3"
"448","△MET3-△HIS2 10:1","48h","rep1","MSA",13.0994,14.6871333333333,1.50915766351079,0.871312583277539,"His2 Met3"
"449","△MET3-△HIS2 10:1","48h","rep2","MSA",14.859,14.6871333333333,1.50915766351079,0.871312583277539,"His2 Met3"
"450","△MET3-△HIS2 10:1","48h","rep3","MSA",16.103,14.6871333333333,1.50915766351079,0.871312583277539,"His2 Met3"
"451","△TRP2-△TRP4 1:1","24h","rep1","MSA",37.8025,35.6476333333333,2.0262236434642,1.16984076599244,"Trp2 Trp4"
"452","△TRP2-△TRP4 1:1","24h","rep2","MSA",33.7809,35.6476333333333,2.0262236434642,1.16984076599244,"Trp2 Trp4"
"453","△TRP2-△TRP4 1:1","24h","rep3","MSA",35.3595,35.6476333333333,2.0262236434642,1.16984076599244,"Trp2 Trp4"
"454","△TRP2-△TRP4 1:1","48h","rep1","MSA",78.0744,76.2782,8.65916772675065,4.9993728179976,"Trp2 Trp4"
"455","△TRP2-△TRP4 1:1","48h","rep2","MSA",66.8618,76.2782,8.65916772675065,4.9993728179976,"Trp2 Trp4"
"456","△TRP2-△TRP4 1:1","48h","rep3","MSA",83.8984,76.2782,8.65916772675065,4.9993728179976,"Trp2 Trp4"
"457","△TRP2-△TRP4 1:10","24h","rep1","MSA",23.227,24.5130333333333,1.11375621360033,0.643027449733766,"Trp2 Trp4"
"458","△TRP2-△TRP4 1:10","24h","rep2","MSA",25.1496,24.5130333333333,1.11375621360033,0.643027449733766,"Trp2 Trp4"
"459","△TRP2-△TRP4 1:10","24h","rep3","MSA",25.1625,24.5130333333333,1.11375621360033,0.643027449733766,"Trp2 Trp4"
"460","△TRP2-△TRP4 1:10","48h","rep1","MSA",54.3557,50.4500333333333,8.34300315493967,4.81683511735432,"Trp2 Trp4"
"461","△TRP2-△TRP4 1:10","48h","rep2","MSA",56.1238,50.4500333333333,8.34300315493967,4.81683511735432,"Trp2 Trp4"
"462","△TRP2-△TRP4 1:10","48h","rep3","MSA",40.8706,50.4500333333333,8.34300315493967,4.81683511735432,"Trp2 Trp4"
"463","△TRP2-△TRP4 10:1","24h","rep1","MSA",22.3431,20.2421666666667,2.03824687987823,1.17678238477261,"Trp2 Trp4"
"464","△TRP2-△TRP4 10:1","24h","rep2","MSA",20.1104,20.2421666666667,2.03824687987823,1.17678238477261,"Trp2 Trp4"
"465","△TRP2-△TRP4 10:1","24h","rep3","MSA",18.273,20.2421666666667,2.03824687987823,1.17678238477261,"Trp2 Trp4"
"466","△TRP2-△TRP4 10:1","48h","rep1","MSA",50.8435,49.7156333333333,1.24271770862627,0.717483403602093,"Trp2 Trp4"
"467","△TRP2-△TRP4 10:1","48h","rep2","MSA",48.3834,49.7156333333333,1.24271770862627,0.717483403602093,"Trp2 Trp4"
"468","△TRP2-△TRP4 10:1","48h","rep3","MSA",49.92,49.7156333333333,1.24271770862627,0.717483403602093,"Trp2 Trp4"
"469","△TRP4-△MET14 1:10","24h","rep1","MSA",3.30652,3.43873333333333,0.199311148040779,0.115072344973837,"Met14 Trp2"
"470","△TRP4-△MET14 1:10","24h","rep2","MSA",3.66798,3.43873333333333,0.199311148040779,0.115072344973837,"Met14 Trp2"
"471","△TRP4-△MET14 1:10","24h","rep3","MSA",3.3417,3.43873333333333,0.199311148040779,0.115072344973837,"Met14 Trp2"
"472","△TRP4-△MET14 1:10","48h","rep1","MSA",6.2327,5.51224333333333,0.626254576536837,0.361568248344778,"Met14 Trp2"
"473","△TRP4-△MET14 1:10","48h","rep2","MSA",5.20588,5.51224333333333,0.626254576536837,0.361568248344778,"Met14 Trp2"
"474","△TRP4-△MET14 1:10","48h","rep3","MSA",5.09815,5.51224333333333,0.626254576536837,0.361568248344778,"Met14 Trp2"
"475","△TRP4-△MET14 10:1","24h","rep1","MSA",7.71588,7.98979333333333,0.303009812602386,0.174942796873086,"Met14 Trp2"
"476","△TRP4-△MET14 10:1","24h","rep2","MSA",7.93822,7.98979333333333,0.303009812602386,0.174942796873086,"Met14 Trp2"
"477","△TRP4-△MET14 10:1","24h","rep3","MSA",8.31528,7.98979333333333,0.303009812602386,0.174942796873086,"Met14 Trp2"
"478","△TRP4-△MET14 10:1","48h","rep1","MSA",32.9808,39.4300333333333,6.43172210557432,3.7133564890062,"Met14 Trp2"
"479","△TRP4-△MET14 10:1","48h","rep2","MSA",39.4652,39.4300333333333,6.43172210557432,3.7133564890062,"Met14 Trp2"
"480","△TRP4-△MET14 10:1","48h","rep3","MSA",45.8441,39.4300333333333,6.43172210557432,3.7133564890062,"Met14 Trp2"
"481","△TRP4-△MET14 2:1","24h","rep1","MSA",9.84114,9.8442,0.261983403291124,0.151256188413345,"Met14 Trp2"
"482","△TRP4-△MET14 2:1","24h","rep2","MSA",9.58376,9.8442,0.261983403291124,0.151256188413345,"Met14 Trp2"
"483","△TRP4-△MET14 2:1","24h","rep3","MSA",10.1077,9.8442,0.261983403291124,0.151256188413345,"Met14 Trp2"
"484","△TRP4-△MET14 2:1","48h","rep1","MSA",35.3373,35.4097666666667,2.67333673960714,1.5434516862467,"Met14 Trp2"
"485","△TRP4-△MET14 2:1","48h","rep2","MSA",32.7734,35.4097666666667,2.67333673960714,1.5434516862467,"Met14 Trp2"
"486","△TRP4-△MET14 2:1","48h","rep3","MSA",38.1186,35.4097666666667,2.67333673960714,1.5434516862467,"Met14 Trp2"
"487","△TRP4-△TRP2 1:1","24h","rep1","MSA",29.8718,33.6895,4.09858756524733,2.3663206340928,"Trp2 Trp4"
"488","△TRP4-△TRP2 1:1","24h","rep2","MSA",38.0206,33.6895,4.09858756524733,2.3663206340928,"Trp2 Trp4"
"489","△TRP4-△TRP2 1:1","24h","rep3","MSA",33.1761,33.6895,4.09858756524733,2.3663206340928,"Trp2 Trp4"
"490","△TRP4-△TRP2 1:1","48h","rep1","MSA",67.453,70.8257,3.47620317156521,2.006986836861,"Trp2 Trp4"
"491","△TRP4-△TRP2 1:1","48h","rep2","MSA",70.6272,70.8257,3.47620317156521,2.006986836861,"Trp2 Trp4"
"492","△TRP4-△TRP2 1:1","48h","rep3","MSA",74.3969,70.8257,3.47620317156521,2.006986836861,"Trp2 Trp4"
"493","△TRP4-△TRP2 1:10","24h","rep1","MSA",18.9699,18.2068333333333,1.22578661003183,0.707708229270918,"Trp2 Trp4"
"494","△TRP4-△TRP2 1:10","24h","rep2","MSA",18.8577,18.2068333333333,1.22578661003183,0.707708229270918,"Trp2 Trp4"
"495","△TRP4-△TRP2 1:10","24h","rep3","MSA",16.7929,18.2068333333333,1.22578661003183,0.707708229270918,"Trp2 Trp4"
"496","△TRP4-△TRP2 1:10","48h","rep1","MSA",55.9611,54.0197,3.00721139263604,1.73621430704853,"Trp2 Trp4"
"497","△TRP4-△TRP2 1:10","48h","rep2","MSA",55.5423,54.0197,3.00721139263604,1.73621430704853,"Trp2 Trp4"
"498","△TRP4-△TRP2 1:10","48h","rep3","MSA",50.5557,54.0197,3.00721139263604,1.73621430704853,"Trp2 Trp4"
"499","△TRP4-△TRP2 10:1","24h","rep1","MSA",22.5479,22.7401,0.168722820033333,0.0974121655646774,"Trp2 Trp4"
"500","△TRP4-△TRP2 10:1","24h","rep2","MSA",22.8638,22.7401,0.168722820033333,0.0974121655646774,"Trp2 Trp4"
"501","△TRP4-△TRP2 10:1","24h","rep3","MSA",22.8086,22.7401,0.168722820033333,0.0974121655646774,"Trp2 Trp4"
"502","△TRP4-△TRP2 10:1","48h","rep1","MSA",79.2494,80.3198666666667,3.86570596053727,2.23186637692413,"Trp2 Trp4"
"503","△TRP4-△TRP2 10:1","48h","rep2","MSA",84.608,80.3198666666667,3.86570596053727,2.23186637692413,"Trp2 Trp4"
"504","△TRP4-△TRP2 10:1","48h","rep3","MSA",77.1022,80.3198666666667,3.86570596053727,2.23186637692413,"Trp2 Trp4"
"505","BY-BY 1:1","24h","rep1","MSA",27.721,27.6338,0.0965759804506271,0.0557581683104216,"WT"
"506","BY-BY 1:1","24h","rep2","MSA",27.6504,27.6338,0.0965759804506271,0.0557581683104216,"WT"
"507","BY-BY 1:1","24h","rep3","MSA",27.53,27.6338,0.0965759804506271,0.0557581683104216,"WT"
"508","BY-BY 1:1","48h","rep1","MSA",0,0,0,0,"WT"
"509","BY-BY 1:1","48h","rep2","MSA",0,0,0,0,"WT"
"510","BY-BY 1:1","48h","rep3","MSA",0,0,0,0,"WT"
"511","BY-BY 1:10","24h","rep1","MSA",24.535,23.4610333333333,1.14835660982699,0.663003997809298,"WT"
"512","BY-BY 1:10","24h","rep2","MSA",22.2505,23.4610333333333,1.14835660982699,0.663003997809298,"WT"
"513","BY-BY 1:10","24h","rep3","MSA",23.5976,23.4610333333333,1.14835660982699,0.663003997809298,"WT"
"514","BY-BY 1:10","48h","rep1","MSA",0,0,0,0,"WT"
"515","BY-BY 1:10","48h","rep2","MSA",0,0,0,0,"WT"
"516","BY-BY 1:10","48h","rep3","MSA",0,0,0,0,"WT"
"517","BY-BY 10:1","24h","rep1","MSA",27.6307,24.4685666666667,2.74310558005581,1.58373274506079,"WT"
"518","BY-BY 10:1","24h","rep2","MSA",23.0466,24.4685666666667,2.74310558005581,1.58373274506079,"WT"
"519","BY-BY 10:1","24h","rep3","MSA",22.7284,24.4685666666667,2.74310558005581,1.58373274506079,"WT"
"520","BY-BY 10:1","48h","rep1","MSA",0,0,0,0,"WT"
"521","BY-BY 10:1","48h","rep2","MSA",0,0,0,0,"WT"
"522","BY-BY 10:1","48h","rep3","MSA",0,0,0,0,"WT"
"523","RLAs879","24h","rep1","MSA",33.8566,32.6997,3.14102602822708,1.81347222292853,"WT"
"524","RLAs879","24h","rep2","MSA",29.1443,32.6997,3.14102602822708,1.81347222292853,"WT"
"525","RLAs879","24h","rep3","MSA",35.0982,32.6997,3.14102602822708,1.81347222292853,"WT"
"526","RLAs879","48h","rep1","MSA",40.2795,37.886,3.53861115269819,2.04301810156771,"WT"
"527","RLAs879","48h","rep2","MSA",33.8213,37.886,3.53861115269819,2.04301810156771,"WT"
"528","RLAs879","48h","rep3","MSA",39.5572,37.886,3.53861115269819,2.04301810156771,"WT"
