"A","B","synergy","nearest.monoculture","t.test_p.value","fold.change.48","Cocul","p.value.adj"
"ADE5,7","HIS2","Yes","HIS2",0.410333566,1.22645031,"ADE5,7-HIS2",0.511166387679181
"ARG1","HIS2","Yes","HIS2",0.086820014,1.814195246,"ARG1-HIS2",0.318485478492462
"ARG2","HIS2","Yes","HIS2",0.022672404,2.509901033,"ARG2-HIS2",0.153248656666667
"ARG3","HIS2","Yes","HIS2",0.539263729,1.556278228,"ARG3-HIS2",0.616060285086072
"ARO1","HIS2","Yes","HIS2",0.30744069,1.78739381,"ARO1-HIS2",0.439200985714286
"ECM29","HIS2","Yes","HIS2",0.131899073,6.514267183,"ECM29-HIS2",0.385928544501992
"HIS1","HIS2","Yes","HIS2",0.422137332,1.306005344,"HIS1-HIS2",0.514457850350584
"IBA57","HIS2","Yes","HIS2",0.467868493,2.85916942,"IBA57-HIS2",0.549990337987117
"ISA1","HIS2","Yes","HIS2",0.197378383,2.849543575,"ISA1-HIS2",0.406761187977273
"LAG1","HIS2","Yes","HIS2",0.1832496,4.476317323,"LAG1-HIS2",0.406311699063444
"LYS2","HIS2","Yes","HIS2",0.132413022,5.349441433,"LYS2-HIS2",0.385928544501992
"MET10","HIS2","Yes","MET10",5.85e-05,40.02286042,"MET10-HIS2",0.00305035714285714
"MET3","HIS2","Yes","HIS2",0.027341235,6.958567648,"MET3-HIS2",0.173557404782609
"POS5","HIS2","Yes","HIS2",0.021860301,4.361373058,"POS5-HIS2",0.152229340285714
"RPL27A","HIS2","Yes","HIS2",0.267117282,2.346449762,"RPL27A-HIS2",0.414906514547368
"TRP3","HIS2","Yes","HIS2",0.01393718,4.735083614,"TRP3-HIS2",0.121120730952381
"URA1","HIS2","Yes","HIS2",0.089105879,2.90928081,"URA1-HIS2",0.320881644245283
"ADE1","YEA4","Yes","YEA4",1.96e-05,59.54816662,"ADE1-YEA4",0.0014308
"ADE5,7","YEA4","Yes","YEA4",0.058882763,41.81028876,"ADE5,7-YEA4",0.260933996121212
"ARG1","YEA4","Yes","YEA4",0.203839229,6.073885233,"ARG1-YEA4",0.406761187977273
"ARG2","YEA4","Yes","ARG2",0.214071089,4.836642071,"ARG2-YEA4",0.406761187977273
"ARG3","YEA4","Yes","YEA4",0.263811732,3.937362516,"ARG3-YEA4",0.414608509526882
"ARO1","YEA4","Yes","ARO1",0.243144049,2.287456568,"ARO1-YEA4",0.406761187977273
"ARO7","YEA4","Yes","ARO7",0.334201025,2.178964277,"ARO7-YEA4",0.454769262343173
"ECM29","YEA4","Yes","ECM29",0.170432731,5.554229657,"ECM29-YEA4",0.406311699063444
"ERG4","YEA4","Yes","YEA4",0.753778241,1.161067792,"ERG4-YEA4",0.806830082008798
"HIS1","YEA4","Yes","HIS1",0.092962493,1.875425216,"HIS1-YEA4",0.320881644245283
"HIS6","YEA4","Yes","HIS6",0.144460691,2.663729854,"HIS6-YEA4",0.389470243964286
"HMF1","YEA4","Yes","YEA4",0.401157444,16.02786976,"HMF1-YEA4",0.504905058827586
"IBA57","YEA4","Yes","IBA57",0.187211604,17.8398451,"IBA57-YEA4",0.406761187977273
"ILV1","YEA4","Yes","ILV1",0.269961904,2.968535379,"ILV1-YEA4",0.414906514547368
"IRC10","YEA4","Yes","IRC10",0.344494706,3.207810423,"IRC10-YEA4",0.459746134149909
"ISA1","YEA4","Yes","YEA4",0.31192665,14.27244573,"ISA1-YEA4",0.44133024729207
"LYS4","YEA4","Yes","YEA4",0.362964928,11.97005621,"LYS4-YEA4",0.470539092482269
"LYS9","YEA4","Yes","LYS9",0.292527215,7.226331135,"LYS9-YEA4",0.430786110564516
"MET10","YEA4","Yes","MET10",0.17628496,9.997143694,"MET10-YEA4",0.406311699063444
"MET13","YEA4","Yes","YEA4",0.520699594,1.443436323,"MET13-YEA4",0.597658339025157
"ORT1","YEA4","Yes","ORT1",0.331714592,7.210963882,"ORT1-YEA4",0.454769262343173
"POS5","YEA4","Yes","POS5",0.420665435,1.360066217,"POS5-YEA4",0.51352135041806
"TRP3","YEA4","Yes","TRP3",0.207237105,3.135065665,"TRP3-YEA4",0.406761187977273
"TRP5","YEA4","Yes","TRP5",0.257999211,8.55934781,"TRP5-YEA4",0.412229301991247
"URA1","YEA4","Yes","URA1",0.175301583,3.809476449,"URA1-YEA4",0.406311699063444
"VPS65","YEA4","Yes","VPS65",0.150967587,3.23648763,"VPS65-YEA4",0.390114884513889
"ARO1","ARG5,6","Yes","ARG5,6",0.263936109,2.600462756,"ARO1-ARG5,6",0.414608509526882
"ARO7","ARG5,6","Yes","ARG5,6",0.359360897,8.146959929,"ARO7-ARG5,6",0.470327266457961
"ECM29","ARG5,6","Yes","ECM29",0.109843679,3.938102841,"ECM29-ARG5,6",0.3630697659375
"HIS1","ARG5,6","Yes","HIS1",0.232103379,2.219706286,"HIS1-ARG5,6",0.406761187977273
"HIS4","ARG5,6","Yes","HIS4",0.090392772,2.167149719,"HIS4-ARG5,6",0.320881644245283
"HIS6","ARG5,6","Yes","ARG5,6",0.078546087,2.469861678,"HIS6-ARG5,6",0.303379066190476
"IRC10","ARG5,6","Yes","ARG5,6",0.234359076,9.975374109,"IRC10-ARG5,6",0.406761187977273
"ISA1","ARG5,6","Yes","ARG5,6",0.284502872,1.692034154,"ISA1-ARG5,6",0.423375471405295
"LYS2","ARG5,6","Yes","LYS2",0.255008999,4.720533141,"LYS2-ARG5,6",0.41094165401766
"LYS9","ARG5,6","Yes","LYS9",0.402554983,1.474112381,"LYS9-ARG5,6",0.504922916821306
"MET1","ARG5,6","Yes","MET1",0.226696966,7.615038458,"MET1-ARG5,6",0.406761187977273
"MET10","ARG5,6","Yes","ARG5,6",0.276801039,5.608908697,"MET10-ARG5,6",0.415771107962963
"MET3","ARG5,6","Yes","MET3",0.240373749,3.46880114,"MET3-ARG5,6",0.406761187977273
"RPL27A","ARG5,6","Yes","RPL27A",0.933955429,1.05398611,"RPL27A-ARG5,6",0.946927032180555
"RPS24B","ARG5,6","Yes","RPS24B",0.408424239,4.469432995,"RPS24B-ARG5,6",0.51053029875
"TRP3","ARG5,6","Yes","TRP3",0.041867166,1.988745272,"TRP3-ARG5,6",0.226392823555556
"TRP5","ARG5,6","Yes","ARG5,6",0.328115029,4.005867938,"TRP5-ARG5,6",0.453643884791667
"URA1","ARG5,6","Yes","URA1",0.656847143,1.224891724,"URA1-ARG5,6",0.727615196342944
"ADE1","MET13","Yes","MET13",0.001063969,19.5303313,"ADE1-MET13",0.0276309136666667
"ADE2","MET13","Yes","ADE2",0.231263443,7.821051776,"ADE2-MET13",0.406761187977273
"ADE5,7","MET13","Yes","ADE5,7",0.079572402,1.810405616,"ADE5,7-MET13",0.304766717748691
"ADE8","MET13","Yes","ADE8",0.080236598,9.471542022,"ADE8-MET13",0.305066231979167
"APL2","MET13","Yes","APL2",0.239679153,5.609716451,"APL2-MET13",0.406761187977273
"ARG4","MET13","Yes","ARG4",0.360154715,6.410577981,"ARG4-MET13",0.470327266457961
"ARG5,6","MET13","Yes","MET13",0.335264782,13.56290606,"ARG5,6-MET13",0.454769262343173
"ARO7","MET13","Yes","ARO7",0.111407709,4.236410337,"ARO7-MET13",0.3630697659375
"BUD16","MET13","Yes","BUD16",0.09297829,9.201116763,"BUD16-MET13",0.320881644245283
"ECM29","MET13","Yes","ECM29",0.024685204,6.698932476,"ECM29-MET13",0.16532292587156
"FCY22","MET13","Yes","MET13",0.05884859,15.86910922,"FCY22-MET13",0.260933996121212
"HIS1","MET13","Yes","HIS1",0.305795258,2.011931509,"HIS1-MET13",0.439200985714286
"HIS2","MET13","Yes","HIS2",0.302502072,2.547451271,"HIS2-MET13",0.439200985714286
"HIS4","MET13","Yes","HIS4",0.201611032,2.026487418,"HIS4-MET13",0.406761187977273
"HMF1","MET13","Yes","MET13",0.163523776,6.598582654,"HMF1-MET13",0.398524627066667
"ILV1","MET13","Yes","ILV1",0.412472987,1.544018841,"ILV1-MET13",0.511607455432937
"LAG1","MET13","Yes","LAG1",0.030833616,17.92655715,"LAG1-MET13",0.19021459092437
"LYS9","MET13","Yes","LYS9",0.172991133,3.641769678,"LYS9-MET13",0.406311699063444
"MET14","MET13","Yes","MET14",0.253309763,3.543275279,"MET14-MET13",0.410924726644444
"MET3","MET13","Yes","MET3",0.30951134,4.527664,"MET3-MET13",0.440965069317739
"MET5","MET13","Yes","MET5",0.182521798,4.714357033,"MET5-MET13",0.406311699063444
"MET7","MET13","Yes","MET13",0.169418472,7.838039506,"MET7-MET13",0.406311699063444
"MHF2","MET13","Yes","MHF2",0.083496506,12.11574358,"MHF2-MET13",0.312576663487179
"ORF , Uncharacterized (1)","MET13","Yes","MET13",0.145494138,9.21972893,"ORF , Uncharacterized (1)-MET13",0.389470243964286
"PEX35","MET13","Yes","PEX35",0.234923312,12.49398149,"PEX35-MET13",0.406761187977273
"RPL27A","MET13","Yes","RPL27A",0.015056457,4.72177702,"RPL27A-MET13",0.127804809418605
"RSC2","MET13","Yes","RSC2",0.122467031,3.251790852,"RSC2-MET13",0.383155068803419
"TRP3","MET13","Yes","TRP3",0.011234007,1.85359828,"TRP3-MET13",0.102510313875
"TRP4","MET13","Yes","TRP4",0.046907263,9.492840914,"TRP4-MET13",0.238571837361111
"URA1","MET13","Yes","MET13",0.000990916,10.2318671,"URA1-MET13",0.0267914325925926
"URA4","MET13","Yes","URA4",0.22654181,13.77248627,"URA4-MET13",0.406761187977273
"APT1","LYS2","Yes","LYS2",0.45299428,1.989933334,"APT1-LYS2",0.540336314379085
"ARG3","LYS2","Yes","LYS2",0.464850826,1.792025466,"ARG3-LYS2",0.549095635889968
"ARG5,6","LYS2","Yes","LYS2",0.613334505,2.036657269,"ARG5,6-LYS2",0.689883187442219
"ECM29","LYS2","Yes","LYS2",0.292698508,1.754740802,"ECM29-LYS2",0.430786110564516
"HIS1","LYS2","Yes","LYS2",0.824864568,1.083773451,"HIS1-LYS2",0.862680708653295
"HIS2","LYS2","Yes","LYS2",0.018492513,1.492961289,"HIS2-LYS2",0.143460176315789
"HIS4","LYS2","Yes","LYS2",0.523128075,1.295840037,"HIS4-LYS2",0.599503131475667
"HIS6","LYS2","Yes","LYS2",0.326568233,1.441989826,"HIS6-LYS2",0.452362068481973
"IRC10","LYS2","Yes","LYS2",0.877344923,-1.071198858,"IRC10-LYS2",0.905886554158416
"ISA1","LYS2","Yes","LYS2",0.690313167,1.262173758,"ISA1-LYS2",0.757787386330827
"LYS9","LYS2","Yes","LYS2",0.072278551,2.557069831,"LYS9-LYS2",0.297548333602151
"MET1","LYS2","Yes","LYS2",0.304894834,2.52770353,"MET1-LYS2",0.439200985714286
"MET14","LYS2","Yes","LYS2",0.456067508,1.685520316,"MET14-LYS2",0.541348424130081
"MET7","LYS2","Yes","LYS2",0.415177734,-1.565639026,"MET7-LYS2",0.512825289035533
"ORF , Uncharacterized (2)","LYS2","Yes","LYS2",0.163003484,2.57075663,"ORF , Uncharacterized (2)-LYS2",0.398524627066667
"RSC2","LYS2","Yes","LYS2",0.506407425,2.132936658,"RSC2-LYS2",0.582910546850394
"TRP3","LYS2","Yes","LYS2",0.615671713,1.274287325,"TRP3-LYS2",0.691446693061538
"TRP4","LYS2","Yes","LYS2",0.813315974,1.140723148,"TRP4-LYS2",0.853046926752874
"URA1","LYS2","Yes","LYS2",0.318337343,1.992765103,"URA1-LYS2",0.446038887504798
"VPS65","LYS2","Yes","LYS2",0.135608409,2.437664373,"VPS65-LYS2",0.386621581395349
"ADE2","ARG4","Yes","ARG4",0.808271287,1.181203696,"ADE2-ARG4",0.848975596417266
"ARG3","ARG4","Yes","ARG4",0.972746399,1.02077117,"ARG3-ARG4",0.978105883292011
"ECM29","ARG4","Yes","ARG4",0.018034709,1.533588733,"ECM29-ARG4",0.143460176315789
"HIS1","ARG4","Yes","ARG4",0.717880552,-1.115173096,"HIS1-ARG4",0.779840480595238
"HIS2","ARG4","Yes","ARG4",0.301767036,1.35349443,"HIS2-ARG4",0.439200985714286
"HIS4","ARG4","Yes","ARG4",0.200260516,-1.266955646,"HIS4-ARG4",0.406761187977273
"HIS6","ARG4","Yes","ARG4",0.245051057,1.550310896,"HIS6-ARG4",0.406761187977273
"LYS4","ARG4","Yes","ARG4",0.683110393,1.302010183,"LYS4-ARG4",0.75100992001506
"LYS9","ARG4","Yes","ARG4",0.387783393,1.499232113,"LYS9-ARG4",0.491461591822917
"MET1","ARG4","Yes","ARG4",0.742019287,1.237552704,"MET1-ARG4",0.798929320811209
"MET13","ARG4","Yes","ARG4",0.792715155,1.161542725,"MET13-ARG4",0.837455952460203
"MET7","ARG4","Yes","ARG4",0.672934982,-1.226178216,"MET7-ARG4",0.740938969622926
"ORF , Uncharacterized (2)","ARG4","Yes","ARG4",0.790529592,1.106612036,"ORF , Uncharacterized (2)-ARG4",0.836357394434783
"RPS24B","ARG4","Yes","ARG4",0.705118127,1.299374669,"RPS24B-ARG4",0.769411409133034
"RSC2","ARG4","Yes","ARG4",0.632354241,1.495009336,"RSC2-ARG4",0.705838831697248
"TRP4","ARG4","Yes","ARG4",0.182558729,1.79303809,"TRP4-ARG4",0.406311699063444
"TRP5","ARG4","Yes","ARG4",0.155715205,1.804726549,"TRP5-ARG4",0.390498389249147
"URA1","ARG4","Yes","ARG4",0.204796347,1.610815103,"URA1-ARG4",0.406761187977273
"VPS65","ARG4","Yes","ARG4",0.484101614,1.607876295,"VPS65-ARG4",0.566336824070513
"ADE2","LYS1","Yes","LYS1",0.441506003,2.277388493,"ADE2-LYS1",0.533285982975207
"ADE6","LYS1","Yes","ADE6",0.257128196,6.473133261,"ADE6-LYS1",0.412229301991247
"APT1","LYS1","Yes","LYS1",0.218884542,8.838988802,"APT1-LYS1",0.406761187977273
"ARG3","LYS1","Yes","ARG3",0.262263426,3.911857916,"ARG3-LYS1",0.414608509526882
"ECM29","LYS1","Yes","ECM29",0.277844657,2.878986173,"ECM29-LYS1",0.416481724045175
"IRC10","LYS1","Yes","IRC10",0.33549729,1.912636172,"IRC10-LYS1",0.454769262343173
"ISA1","LYS1","Yes","LYS1",0.258066837,3.52563638,"ISA1-LYS1",0.412229301991247
"LYS4","LYS1","Yes","LYS4",0.232161861,6.384219799,"LYS4-LYS1",0.406761187977273
"MET1","LYS1","Yes","MET1",0.316130042,2.909201245,"MET1-LYS1",0.444653045587669
"MET13","LYS1","Yes","MET13",0.143865576,3.229572715,"MET13-LYS1",0.389470243964286
"MET14","LYS1","Yes","MET14",0.26551118,1.86754412,"MET14-LYS1",0.414906514547368
"ORF , Uncharacterized (2)","LYS1","Yes","ORF , Uncharacterized (2)",0.130243546,6.076279554,"ORF , Uncharacterized (2)-LYS1",0.385928544501992
"RPS24B","LYS1","Yes","RPS24B",0.216238862,8.397022181,"RPS24B-LYS1",0.406761187977273
"TRP4","LYS1","Yes","TRP4",0.225245639,6.677389077,"TRP4-LYS1",0.406761187977273
"TRP5","LYS1","Yes","TRP5",0.433157373,2.098091596,"TRP5-LYS1",0.526131251730449
"URA1","LYS1","Yes","URA1",0.388460131,2.036349479,"URA1-LYS1",0.491466023622184
"VPS65","LYS1","Yes","VPS65",0.553452443,1.468450004,"VPS65-LYS1",0.629095483203732
"ARG1","HIS4","Yes","ARG1",0.037767415,4.37233716,"ARG1-HIS4",0.208865249621212
"ARG3","HIS4","Yes","HIS4",0.70649169,-1.208409906,"ARG3-HIS4",0.769759602537313
"HIS1","HIS4","Yes","HIS4",0.130971304,-1.66677213,"HIS1-HIS4",0.385928544501992
"ISA1","HIS4","Yes","HIS4",0.343567412,-1.453450451,"ISA1-HIS4",0.459348371355311
"MET10","HIS4","Yes","HIS4",0.02068766,1.854823819,"MET10-HIS4",0.151019918
"POS5","HIS4","Yes","POS5",0.218725671,1.247535223,"POS5-HIS4",0.406761187977273
"TRP4","HIS4","Yes","HIS4",0.369117086,-1.175322895,"TRP4-HIS4",0.47691234120354
"ARG8","MET5","Yes","MET5",0.317322025,-1.654248674,"ARG8-MET5",0.445471304326923
"ISA1","MET5","Yes","MET5",0.836505514,-1.095095193,"ISA1-MET5",0.872355750314286
"LYS1","MET5","Yes","MET5",0.386163371,-1.564281988,"LYS1-MET5",0.491113694825784
"MET10","MET5","Yes","MET5",0.416641387,1.41222326,"MET10-MET5",0.513017647855946
"MET7","MET5","Yes","MET5",0.941671144,-1.043343136,"MET7-MET5",0.950788292005532
"MHF2","MET5","Yes","MET5",0.3957683,1.364642867,"MHF2-MET5",0.498982485319516
"ORF , Uncharacterized (2)","MET5","Yes","MET5",0.223564869,-1.705361201,"ORF , Uncharacterized (2)-MET5",0.406761187977273
"POS5","MET5","Yes","POS5",0.055322779,1.861625557,"POS5-MET5",0.253997664591195
"RSC2","MET5","Yes","MET5",0.005248852,1.590627871,"RSC2-MET5",0.070956702962963
"TRP3","MET5","Yes","MET5",0.988122917,-1.003523649,"TRP3-MET5",0.989478366817558
"TRP4","MET5","Yes","MET5",0.159053952,1.705048853,"TRP4-MET5",0.394929880816327
"TRP5","MET5","Yes","MET5",0.722989431,-1.218882758,"TRP5-MET5",0.784223305542348
"ADE6","TRP2","Yes","TRP2",0.26224776,4.328316517,"ADE6-TRP2",0.414608509526882
"ARG3","TRP2","Yes","TRP2",0.241939709,4.555241087,"ARG3-TRP2",0.406761187977273
"ARO1","TRP2","Yes","TRP2",0.254260174,2.197386372,"ARO1-TRP2",0.41094165401766
"ARO7","TRP2","Yes","TRP2",0.077252209,4.230522919,"ARO7-TRP2",0.301572794491979
"ECM29","TRP2","Yes","ECM29",0.029580448,2.862800158,"ECM29-TRP2",0.185155883504274
"HIS1","TRP2","Yes","TRP2",0.27266028,2.559925803,"HIS1-TRP2",0.41527303643299
"IRC10","TRP2","Yes","TRP2",0.188828413,5.585586876,"IRC10-TRP2",0.406761187977273
"ISA1","TRP2","Yes","TRP2",0.191307431,2.951100627,"ISA1-TRP2",0.406761187977273
"LYS4","TRP2","Yes","TRP2",0.240058515,4.521202595,"LYS4-TRP2",0.406761187977273
"MET1","TRP2","Yes","MET1",0.141425561,5.641597721,"MET1-TRP2",0.389470243964286
"MET10","TRP2","Yes","TRP2",0.032404745,10.84429486,"MET10-TRP2",0.193420734715447
"MET13","TRP2","Yes","MET13",0.242949708,2.965541993,"MET13-TRP2",0.406761187977273
"MET14","TRP2","Yes","TRP2",0.142062259,4.152,"MET14-TRP2",0.389470243964286
"MHF2","TRP2","Yes","TRP2",0.191276306,5.196573634,"MHF2-TRP2",0.406761187977273
"ORF , Uncharacterized (2)","TRP2","Yes","TRP2",0.271932745,2.418367876,"ORF , Uncharacterized (2)-TRP2",0.41527303643299
"RPS24B","TRP2","Yes","TRP2",0.239776143,5.060958773,"RPS24B-TRP2",0.406761187977273
"TRP3","TRP2","Yes","TRP2",0.075542205,2.512919959,"TRP3-TRP2",0.297548333602151
"TRP4","TRP2","Yes","TRP2",0.001460056,13.14649869,"TRP4-TRP2",0.0322982084848485
"ADE2","LYS9","Yes","LYS9",0.857847123,1.120761637,"ADE2-LYS9",0.889528976974432
"ADE6","LYS9","Yes","LYS9",0.848602219,1.135883697,"ADE6-LYS9",0.883205718732194
"APT1","LYS9","Yes","LYS9",0.953139212,-1.037644481,"APT1-LYS9",0.959712585875862
"ARG3","LYS9","Yes","LYS9",0.777866924,1.198002029,"ARG3-LYS9",0.826554373391557
"ECM29","LYS9","Yes","LYS9",0.548159574,-1.268799651,"ECM29-LYS9",0.624269093634945
"HIS6","LYS9","Yes","LYS9",0.804161975,-1.120638201,"HIS6-LYS9",0.845876429034582
"ISA1","LYS9","Yes","LYS9",0.740272185,1.228478843,"ISA1-LYS9",0.798225546602659
"LYS2","LYS9","Yes","LYS9",0.900252155,1.086871971,"LYS2-LYS9",0.919138563846154
"MHF2","LYS9","Yes","LYS9",0.752323702,1.240266848,"MHF2-LYS9",0.806455657063142
"ORF , Uncharacterized (2)","LYS9","Yes","LYS9",0.323014899,-1.64789889,"ORF , Uncharacterized (2)-LYS9",0.451379243193117
"RPS24B","LYS9","Yes","LYS9",0.863033044,1.114867327,"RPS24B-LYS9",0.893637052652482
"RSC2","LYS9","Yes","LYS9",0.392350927,1.481914472,"RSC2-LYS9",0.495529717491349
"URA4","LYS9","Yes","LYS9",0.815650483,1.15930396,"URA4-LYS9",0.854268081190818
"ADE2","ARO7","Yes","ARO7",0.931815651,1.055371326,"ADE2-ARO7",0.946071523268428
"ADE6","ARO7","Yes","ARO7",0.937474585,1.048365398,"ADE6-ARO7",0.947862115027701
"APT1","ARO7","Yes","ARO7",0.853393313,1.132750839,"APT1-ARO7",0.886169443086771
"ARG3","ARO7","Yes","ARO7",0.996136872,1.002866232,"ARG3-ARO7",0.996136872
"HIS1","ARO7","Yes","ARO7",0.745699411,-1.161948761,"HIS1-ARO7",0.801709234212077
"HIS6","ARO7","Yes","ARO7",0.779229925,1.158884975,"HIS6-ARO7",0.826799193677326
"HMF1","ARO7","Yes","ARO7",0.936678566,1.051828996,"HMF1-ARO7",0.947862115027701
"ISA1","ARO7","Yes","ARO7",0.832370162,-1.117191536,"ISA1-ARO7",0.869285004663805
"LYS2","ARO7","Yes","ARO7",0.795571439,1.188798263,"LYS2-ARO7",0.839122655310245
"LYS4","ARO7","Yes","ARO7",0.950811617,-1.03728192,"LYS4-ARO7",0.95869127128453
"MHF2","ARO7","Yes","ARO7",0.455815023,1.266886367,"MHF2-ARO7",0.541348424130081
"ORF , Uncharacterized (2)","ARO7","Yes","ARO7",0.98309571,1.012863364,"ORF , Uncharacterized (2)-ARO7",0.987152501100413
"TRP3","ARO7","Yes","ARO7",0.739961665,1.057417742,"TRP3-ARO7",0.798225546602659
"TRP4","ARO7","Yes","ARO7",0.66407712,1.188089672,"TRP4-ARO7",0.733398332223903
"URA4","ARO7","Yes","ARO7",0.701821898,1.300892487,"URA4-ARO7",0.766961056197605
"ADE2","TRP5","Yes","TRP5",0.215393695,10.38891516,"ADE2-TRP5",0.406761187977273
"ADE6","TRP5","Yes","TRP5",0.219745079,9.547881006,"ADE6-TRP5",0.406761187977273
"APT1","TRP5","Yes","TRP5",0.223953865,8.746940431,"APT1-TRP5",0.406761187977273
"ARG1","TRP5","Yes","ARG1",0.025837601,2.623623062,"ARG1-TRP5",0.171467715727273
"ARG3","TRP5","Yes","ARG3",0.198097692,7.631113996,"ARG3-TRP5",0.406761187977273
"ARO1","TRP5","Yes","TRP5",0.336446855,2.209812233,"ARO1-TRP5",0.454769262343173
"ECM29","TRP5","Yes","ECM29",0.156734285,3.29259117,"ECM29-TRP5",0.390498389249147
"HIS1","TRP5","Yes","HIS1",0.046088112,4.830211701,"HIS1-TRP5",0.236931843380282
"HIS2","TRP5","Yes","HIS2",0.210260784,2.086212025,"HIS2-TRP5",0.406761187977273
"HIS4","TRP5","Yes","HIS4",0.0366866,3.284837372,"HIS4-TRP5",0.206023453129771
"HIS6","TRP5","Yes","HIS6",0.090524514,3.762255121,"HIS6-TRP5",0.320881644245283
"IRC10","TRP5","Yes","IRC10",0.339437048,6.831468024,"IRC10-TRP5",0.455521972610294
"ISA1","TRP5","Yes","TRP5",0.153361792,7.063940273,"ISA1-TRP5",0.390114884513889
"LYS2","TRP5","Yes","LYS2",0.305837749,4.231409706,"LYS2-TRP5",0.439200985714286
"LYS4","TRP5","Yes","TRP5",0.182413664,9.697066589,"LYS4-TRP5",0.406311699063444
"LYS5","TRP5","Yes","TRP5",0.353564047,2.599560059,"LYS5-TRP5",0.468639098947368
"ORF , Uncharacterized (1)","TRP5","Yes","ORF , Uncharacterized (1)",0.45190498,2.083333448,"ORF , Uncharacterized (1)-TRP5",0.539919206873977
"ORF , Uncharacterized (2)","TRP5","Yes","ORF , Uncharacterized (2)",0.146374553,6.014951062,"ORF , Uncharacterized (2)-TRP5",0.389470243964286
"RPS24B","TRP5","Yes","RPS24B",0.209048975,10.52258112,"RPS24B-TRP5",0.406761187977273
"RSC2","TRP5","Yes","TRP5",0.240945528,6.125935449,"RSC2-TRP5",0.406761187977273
"URA4","TRP5","Yes","URA4",0.448582891,1.537615028,"URA4-TRP5",0.536828705622951
"ADE1","ARO2","Yes","ARO2",0.000263884,20.99115047,"ADE1-ARO2",0.00917311047619047
"ADE5,7","ARO2","Yes","ARO2",0.047060746,2.170811652,"ADE5,7-ARO2",0.238571837361111
"ADE6","ARO2","Yes","ARO2",0.210852635,9.704110401,"ADE6-ARO2",0.406761187977273
"ADE8","ARO2","Yes","ARO2",0.202467781,6.663646365,"ADE8-ARO2",0.406761187977273
"ARG1","ARO2","Yes","ARG1",0.121392337,2.792680196,"ARG1-ARO2",0.381967267284483
"ARO1","ARO2","Yes","ARO2",0.07537777,2.641658377,"ARO1-ARO2",0.297548333602151
"ARO7","ARO2","Yes","ARO7",0.183656899,4.675366655,"ARO7-ARO2",0.406311699063444
"ECM29","ARO2","Yes","ARO2",0.009609368,15.82486956,"ECM29-ARO2",0.0942535801333333
"FCY22","ARO2","Yes","ARO2",0.074677663,14.72950611,"FCY22-ARO2",0.297548333602151
"HIS2","ARO2","Yes","HIS2",0.058047802,8.683812192,"HIS2-ARO2",0.260933996121212
"HIS4","ARO2","Yes","ARO2",0.02116432,14.50748264,"HIS4-ARO2",0.151470133333333
"IRC10","ARO2","Yes","ARO2",0.18067454,4.995153075,"IRC10-ARO2",0.406311699063444
"ISA1","ARO2","Yes","ARO2",0.133253812,12.14341523,"ISA1-ARO2",0.386013026825397
"LAG1","ARO2","Yes","ARO2",0.209372638,10.46090696,"LAG1-ARO2",0.406761187977273
"LYS12","ARO2","Yes","ARO2",5.42e-05,22.30116103,"LYS12-ARO2",0.00305035714285714
"LYS4","ARO2","Yes","ARO2",0.193865727,9.973341328,"LYS4-ARO2",0.406761187977273
"LYS5","ARO2","Yes","ARO2",0.49911278,1.688409128,"LYS5-ARO2",0.578337030793651
"LYS9","ARO2","Yes","ARO2",0.007206984,17.00874765,"LYS9-ARO2",0.08220466125
"MET3","ARO2","Yes","MET3",0.048106685,4.488344055,"MET3-ARO2",0.240533425
"MET5","ARO2","Yes","MET5",0.075357331,6.096405839,"MET5-ARO2",0.297548333602151
"MET7","ARO2","Yes","ARO2",0.20244867,10.00874707,"MET7-ARO2",0.406761187977273
"MHF2","ARO2","Yes","ARO2",0.097045667,11.36891551,"MHF2-ARO2",0.331043630420561
"ORF , Uncharacterized (1)","ARO2","Yes","ARO2",0.187626372,9.066807699,"ORF , Uncharacterized (1)-ARO2",0.406761187977273
"ORF , Uncharacterized (2)","ARO2","Yes","ARO2",0.081611251,13.96459543,"ORF , Uncharacterized (2)-ARO2",0.307093882628866
"ORT1","ARO2","Yes","ORT1",0.173756036,8.830993618,"ORT1-ARO2",0.406311699063444
"RPL27A","ARO2","Yes","ARO2",0.000519789,19.69884249,"RPL27A-ARO2",0.0164976508695652
"RPS24B","ARO2","Yes","RPS24B",0.223733952,7.412494961,"RPS24B-ARO2",0.406761187977273
"RSC2","ARO2","Yes","RSC2",0.156200546,8.596464331,"RSC2-ARO2",0.390498389249147
"TRP2","ARO2","Yes","ARO2",0.358737549,5.035722504,"TRP2-ARO2",0.470327266457961
"TRP3","ARO2","Yes","TRP3",0.071724014,4.142333926,"TRP3-ARO2",0.297491648977273
"TRP4","ARO2","Yes","TRP4",0.049868083,11.78721769,"TRP4-ARO2",0.244320138187919
"URA1","ARO2","Yes","ARO2",0.000183779,18.78567083,"URA1-ARO2",0.0067079335
"ADE1","ARG2","Yes","ARG2",3.48e-06,4.660020227,"ADE1-ARG2",0.0006351
"ADE2","ARG2","Yes","ARG2",0.382516836,2.407950873,"ADE2-ARG2",0.488869894572426
"ADE6","ARG2","Yes","ARG2",0.386966505,2.299756166,"ADE6-ARG2",0.491279215043478
"ARG1","ARG2","Yes","ARG2",0.132067746,1.821090173,"ARG1-ARG2",0.385928544501992
"ARG3","ARG2","Yes","ARG2",0.30224726,2.230925328,"ARG3-ARG2",0.439200985714286
"ARG4","ARG2","Yes","ARG2",0.087279113,3.049246305,"ARG4-ARG2",0.31856876245
"ARG5,6","ARG2","Yes","ARG2",0.380917423,2.80653926,"ARG5,6-ARG2",0.487841611912281
"BUD16","ARG2","Yes","ARG2",0.372036587,2.468908723,"BUD16-ARG2",0.479835174045936
"FCY22","ARG2","Yes","ARG2",0.37940406,2.307853776,"FCY22-ARG2",0.486757405623902
"HIS2","ARG2","Yes","ARG2",0.042521427,1.75293427,"HIS2-ARG2",0.226574027080292
"IRC10","ARG2","Yes","IRC10",1.15e-05,24.77427722,"IRC10-ARG2",0.00119928571428571
"ISA1","ARG2","Yes","ARG2",0.267869583,2.349017292,"ISA1-ARG2",0.414906514547368
"LYS12","ARG2","Yes","ARG2",0.074255668,3.057119115,"LYS12-ARG2",0.297548333602151
"LYS4","ARG2","Yes","ARG2",0.261748251,2.526942571,"LYS4-ARG2",0.414608509526882
"LYS9","ARG2","Yes","ARG2",0.238464803,2.084491465,"LYS9-ARG2",0.406761187977273
"MET1","ARG2","Yes","ARG2",0.001223838,5.233384733,"MET1-ARG2",0.0288194109677419
"MET14","ARG2","Yes","ARG2",5.59e-05,6.718718831,"MET14-ARG2",0.00305035714285714
"MET3","ARG2","Yes","MET3",8.33e-05,19.42737548,"MET3-ARG2",0.00405393333333333
"MET5","ARG2","Yes","ARG2",0.00271709,5.694955595,"MET5-ARG2",0.048377456097561
"ORF , Uncharacterized (2)","ARG2","Yes","ARG2",0.208669929,2.428644942,"ORF , Uncharacterized (2)-ARG2",0.406761187977273
"ORT1","ARG2","Yes","ARG2",0.241557933,1.794097607,"ORT1-ARG2",0.406761187977273
"PEX35","ARG2","Yes","ARG2",0.239147549,2.139600953,"PEX35-ARG2",0.406761187977273
"RPL27A","ARG2","Yes","ARG2",0.121065481,2.810812953,"RPL27A-ARG2",0.381967267284483
"RSC2","ARG2","Yes","ARG2",0.148391971,2.260167141,"RSC2-ARG2",0.389470243964286
"TRP3","ARG2","Yes","ARG2",0.120973704,1.725491926,"TRP3-ARG2",0.381967267284483
"TRP4","ARG2","Yes","ARG2",0.130412868,2.428195164,"TRP4-ARG2",0.385928544501992
"ADE1","HIS1","Yes","ADE1",8.95e-07,15.01269268,"ADE1-HIS1",0.000217783333333333
"ADE2","HIS1","Yes","HIS1",0.297037731,3.696072667,"ADE2-HIS1",0.435416754277108
"ADE6","HIS1","Yes","HIS1",0.301570282,3.508671114,"ADE6-HIS1",0.439200985714286
"ADE8","HIS1","Yes","HIS1",0.337650603,1.653820108,"ADE8-HIS1",0.454769262343173
"ARG1","HIS1","Yes","HIS1",0.138991469,2.286726763,"ARG1-HIS1",0.388750085708812
"ARG3","HIS1","Yes","HIS1",0.244856951,4.208872175,"ARG3-HIS1",0.406761187977273
"ARG4","HIS1","Yes","HIS1",0.131250476,4.327275696,"ARG4-HIS1",0.385928544501992
"ARO1","HIS1","Yes","HIS1",0.111178462,2.022660692,"ARO1-HIS1",0.3630697659375
"ARO2","HIS1","Yes","HIS1",0.18378536,4.537251053,"ARO2-HIS1",0.406311699063444
"ARO7","HIS1","Yes","ARO7",0.249999857,3.844697999,"ARO7-HIS1",0.409192591053812
"BUD16","HIS1","Yes","HIS1",0.284763502,3.85110499,"BUD16-HIS1",0.423375471405295
"ECM29","HIS1","Yes","ECM29",0.009683587,2.424640144,"ECM29-HIS1",0.0942535801333333
"FCY22","HIS1","Yes","HIS1",0.179272277,4.182039476,"FCY22-HIS1",0.406311699063444
"HIS2","HIS1","Yes","HIS1",0.241360589,2.268838522,"HIS2-HIS1",0.406761187977273
"HIS4","HIS1","Yes","HIS1",0.229437763,2.806766427,"HIS4-HIS1",0.406761187977273
"IRC10","HIS1","Yes","HIS1",0.009859112,8.987615495,"IRC10-HIS1",0.0946993652631579
"ISA1","HIS1","Yes","HIS1",0.175298938,4.093875568,"ISA1-HIS1",0.406311699063444
"LYS12","HIS1","Yes","HIS1",0.026640466,7.167689665,"LYS12-HIS1",0.172018519122807
"LYS2","HIS1","Yes","LYS2",0.26710183,3.140334938,"LYS2-HIS1",0.414906514547368
"LYS4","HIS1","Yes","HIS1",0.274961168,3.624093375,"LYS4-HIS1",0.41527303643299
"LYS9","HIS1","Yes","HIS1",0.044344608,4.737429969,"LYS9-HIS1",0.230508496595745
"MET1","HIS1","Yes","HIS1",0.026675432,5.534739059,"MET1-HIS1",0.172018519122807
"MET13","HIS1","Yes","HIS1",0.147628037,3.55466969,"MET13-HIS1",0.389470243964286
"MET14","HIS1","Yes","HIS1",0.148543966,5.11038779,"MET14-HIS1",0.389470243964286
"MET3","HIS1","Yes","HIS1",0.006108577,8.196269266,"MET3-HIS1",0.0755806984745763
"MET5","HIS1","Yes","HIS1",0.001959759,8.914784558,"MET5-HIS1",0.0386655154054054
"MET7","HIS1","Yes","HIS1",0.229876776,3.865586317,"MET7-HIS1",0.406761187977273
"MHF2","HIS1","Yes","HIS1",0.031936431,6.637853898,"MHF2-HIS1",0.193420734715447
"ORF , Uncharacterized (2)","HIS1","Yes","HIS1",0.23495135,3.623667722,"ORF , Uncharacterized (2)-HIS1",0.406761187977273
"ORT1","HIS1","Yes","HIS1",0.218387994,3.75058971,"ORT1-HIS1",0.406761187977273
"PEX35","HIS1","Yes","HIS1",0.152324883,3.443932316,"PEX35-HIS1",0.390114884513889
"RPL27A","HIS1","Yes","HIS1",9.2e-05,6.85208815,"RPL27A-HIS1",0.0041975
"RPS24B","HIS1","Yes","HIS1",0.272414226,3.871123186,"RPS24B-HIS1",0.41527303643299
"RSC2","HIS1","Yes","HIS1",0.227038152,3.687838532,"RSC2-HIS1",0.406761187977273
"TRP3","HIS1","Yes","HIS1",0.053462044,1.863795127,"TRP3-HIS1",0.250174949487179
"TRP4","HIS1","Yes","HIS1",0.019672524,5.988336299,"TRP4-HIS1",0.148050953814433
"TRP5","HIS1","Yes","HIS1",0.312015226,3.210106197,"TRP5-HIS1",0.44133024729207
"URA1","HIS1","Yes","HIS1",0.018488689,5.713196829,"URA1-HIS1",0.143460176315789
"ADE1","IBA57","Yes","IBA57",1.52e-05,22.92070833,"ADE1-IBA57",0.001387
"ADE2","IBA57","Yes","IBA57",0.198954691,10.80450668,"ADE2-IBA57",0.406761187977273
"ADE8","IBA57","Yes","ADE8",0.226257715,2.957704092,"ADE8-IBA57",0.406761187977273
"APT1","IBA57","Yes","APT1",0.325561399,3.393000622,"APT1-IBA57",0.452362068481973
"ARG2","IBA57","Yes","ARG2",0.012364967,2.13840737,"ARG2-IBA57",0.110078364756098
"ARG3","IBA57","Yes","ARG3",0.112813031,4.507130022,"ARG3-IBA57",0.366015611688889
"ARO2","IBA57","Yes","IBA57",0.155058214,5.5529956,"ARO2-IBA57",0.390498389249147
"ARO7","IBA57","Yes","IBA57",0.022234847,4.846900905,"ARO7-IBA57",0.152434738504673
"BUD16","IBA57","Yes","BUD16",0.264099941,4.109938823,"BUD16-IBA57",0.414608509526882
"ECM29","IBA57","Yes","ECM29",0.035267746,2.534632082,"ECM29-IBA57",0.20113636390625
"ERG4","IBA57","Yes","IBA57",0.193808181,1.94781006,"ERG4-IBA57",0.406761187977273
"FCY22","IBA57","Yes","IBA57",0.152555323,7.098300472,"FCY22-IBA57",0.390114884513889
"HIS1","IBA57","Yes","IBA57",0.016201581,6.71578892,"HIS1-IBA57",0.135944300344828
"HIS2","IBA57","Yes","HIS2",0.032590069,2.40147037,"HIS2-IBA57",0.193420734715447
"HIS4","IBA57","Yes","HIS4",0.283736674,1.57789689,"HIS4-IBA57",0.423375471405295
"HIS6","IBA57","Yes","HIS6",0.303285023,2.175455543,"HIS6-IBA57",0.439200985714286
"HMF1","IBA57","Yes","IBA57",0.887535776,1.06703387,"HMF1-IBA57",0.912536783774648
"ILV1","IBA57","Yes","ILV1",0.136311767,3.114792791,"ILV1-IBA57",0.386621581395349
"IRC10","IBA57","Yes","IRC10",0.128956545,5.476605675,"IRC10-IBA57",0.385928544501992
"ISA1","IBA57","Yes","IBA57",0.117000684,9.554372613,"ISA1-IBA57",0.377922563362832
"LAG1","IBA57","Yes","LAG1",0.178250316,1.911585493,"LAG1-IBA57",0.406311699063444
"LYS12","IBA57","Yes","LYS12",0.006457007,8.58327094,"LYS12-IBA57",0.077272378852459
"LYS2","IBA57","Yes","LYS2",0.253072761,4.717774197,"LYS2-IBA57",0.410924726644444
"LYS4","IBA57","Yes","LYS4",0.171781957,9.208860735,"LYS4-IBA57",0.406311699063444
"LYS9","IBA57","Yes","LYS9",0.149385847,5.057056173,"LYS9-IBA57",0.389470243964286
"MET10","IBA57","Yes","IBA57",0.006307715,13.98824589,"MET10-IBA57",0.0767438658333333
"MET13","IBA57","Yes","MET13",0.05096244,1.918604613,"MET13-IBA57",0.245420246447368
"MET3","IBA57","Yes","MET3",0.217677812,1.462904749,"MET3-IBA57",0.406761187977273
"MET5","IBA57","Yes","MET5",0.134620148,4.576992757,"MET5-IBA57",0.386621581395349
"MET7","IBA57","Yes","IBA57",0.251432208,3.635176619,"MET7-IBA57",0.409724859486607
"MHF2","IBA57","Yes","MHF2",0.085589312,4.070576047,"MHF2-IBA57",0.315556554343434
"ORF , Uncharacterized (2)","IBA57","Yes","IBA57",0.12281957,5.458288644,"ORF , Uncharacterized (2)-IBA57",0.383155068803419
"ORT1","IBA57","Yes","ORT1",0.167120966,2.100311222,"ORT1-IBA57",0.40396789794702
"PEX35","IBA57","Yes","PEX35",0.263019872,3.495768194,"PEX35-IBA57",0.414608509526882
"RPL27A","IBA57","Yes","IBA57",0.003593703,19.0519218,"RPL27A-IBA57",0.0582978486666667
"RSC2","IBA57","Yes","RSC2",0.419550049,2.027730758,"RSC2-IBA57",0.513017647855946
"TRP3","IBA57","Yes","TRP3",0.430783349,1.556427232,"TRP3-IBA57",0.524119741283333
"TRP4","IBA57","Yes","TRP4",0.042488512,7.25000232,"TRP4-IBA57",0.226574027080292
"TRP5","IBA57","Yes","TRP5",0.161395252,6.992337281,"TRP5-IBA57",0.397331132222222
"URA1","IBA57","Yes","URA1",0.062563022,6.234203129,"URA1-IBA57",0.270242639408284
"URA4","IBA57","Yes","URA4",0.23187978,2.758228312,"URA4-IBA57",0.406761187977273
"ADE1","RPS24B","Yes","RPS24B",0.006862966,11.73231218,"ADE1-RPS24B",0.0795232568253968
"ADE2","RPS24B","Yes","RPS24B",0.27319495,4.156831306,"ADE2-RPS24B",0.41527303643299
"ADE6","RPS24B","Yes","RPS24B",0.274040276,3.517392555,"ADE6-RPS24B",0.41527303643299
"ADE8","RPS24B","Yes","RPS24B",0.043995452,6.275512378,"ADE8-RPS24B",0.230508496595745
"APL2","RPS24B","Yes","APL2",0.306533204,2.418400505,"APL2-RPS24B",0.439200985714286
"ARG1","RPS24B","Yes","ARG1",0.004011869,3.09149472,"ARG1-RPS24B",0.0616426892
"ARG2","RPS24B","Yes","ARG2",0.017645441,2.659484516,"ARG2-RPS24B",0.143124132555556
"ARG3","RPS24B","Yes","RPS24B",0.153665978,6.876603798,"ARG3-RPS24B",0.390114884513889
"ARG4","RPS24B","Yes","ARG4",0.194638361,6.410904915,"ARG4-RPS24B",0.406761187977273
"ARG5,6","RPS24B","Yes","RPS24B",0.307266291,2.240432763,"ARG5,6-RPS24B",0.439200985714286
"ARG8","RPS24B","Yes","ARG8",0.355201644,2.155117766,"ARG8-RPS24B",0.469741304565217
"ARO1","RPS24B","Yes","RPS24B",0.052202556,3.121458707,"ARO1-RPS24B",0.245857199225806
"ARO2","RPS24B","Yes","RPS24B",0.11041803,6.348371622,"ARO2-RPS24B",0.3630697659375
"ARO7","RPS24B","Yes","RPS24B",0.067158416,3.636269204,"ARO7-RPS24B",0.285032812093023
"BUD16","RPS24B","Yes","BUD16",0.275270931,3.201243154,"BUD16-RPS24B",0.41527303643299
"ECM29","RPS24B","Yes","ECM29",0.002702332,7.338382855,"ECM29-RPS24B",0.048377456097561
"FCY22","RPS24B","Yes","RPS24B",0.148078336,4.2747491,"FCY22-RPS24B",0.389470243964286
"HIS1","RPS24B","Yes","HIS1",0.051777705,3.695359522,"HIS1-RPS24B",0.245857199225806
"HIS2","RPS24B","Yes","HIS2",0.019038024,2.612891839,"HIS2-RPS24B",0.1447683075
"HIS4","RPS24B","Yes","HIS4",0.090821341,3.702139599,"HIS4-RPS24B",0.320881644245283
"HIS6","RPS24B","Yes","HIS6",0.092994595,4.198619601,"HIS6-RPS24B",0.320881644245283
"ILV1","RPS24B","Yes","ILV1",0.221911324,2.394674285,"ILV1-RPS24B",0.406761187977273
"IRC10","RPS24B","Yes","IRC10",0.036863814,3.81681186,"IRC10-RPS24B",0.206023453129771
"ISA1","RPS24B","Yes","RPS24B",0.18664903,6.239081996,"ISA1-RPS24B",0.406761187977273
"LAG1","RPS24B","Yes","LAG1",0.049603714,1.82774439,"LAG1-RPS24B",0.244320138187919
"LYS12","RPS24B","Yes","LYS12",0.001724197,10.88565068,"LYS12-RPS24B",0.0349628836111111
"LYS4","RPS24B","Yes","RPS24B",0.197076943,6.277429326,"LYS4-RPS24B",0.406761187977273
"LYS9","RPS24B","Yes","LYS9",0.050696627,6.628377134,"LYS9-RPS24B",0.245420246447368
"MET10","RPS24B","Yes","RPS24B",0.022343174,9.621301181,"MET10-RPS24B",0.152434738504673
"MET13","RPS24B","Yes","RPS24B",0.001357357,2.042944505,"MET13-RPS24B",0.0309647065625
"MET5","RPS24B","Yes","MET5",0.199887331,3.557250992,"MET5-RPS24B",0.406761187977273
"MHF2","RPS24B","Yes","RPS24B",0.004851114,2.502152096,"MHF2-RPS24B",0.0668172305660377
"ORF , Uncharacterized (1)","RPS24B","Yes","ORF , Uncharacterized (1)",0.47504106,2.021739544,"ORF , Uncharacterized (1)-RPS24B",0.556629171428571
"ORF , Uncharacterized (2)","RPS24B","Yes","RPS24B",0.126493804,5.931346019,"ORF , Uncharacterized (2)-RPS24B",0.385928544501992
"ORT1","RPS24B","Yes","ORT1",0.360009249,2.196734325,"ORT1-RPS24B",0.470327266457961
"PEX35","RPS24B","Yes","PEX35",0.251447585,3.232016292,"PEX35-RPS24B",0.409724859486607
"RPL27A","RPS24B","Yes","RPL27A",0.061311515,5.101669621,"RPL27A-RPS24B",0.268008418862275
"RSC2","RPS24B","Yes","RSC2",0.306632806,2.165818064,"RSC2-RPS24B",0.439200985714286
"TRP3","RPS24B","Yes","TRP3",0.413989819,1.88562072,"TRP3-RPS24B",0.512224691305085
"TRP4","RPS24B","Yes","RPS24B",0.054165565,4.834617387,"TRP4-RPS24B",0.251852627070064
"URA1","RPS24B","Yes","URA1",0.010205252,4.477334829,"URA1-RPS24B",0.0955106917948718
"YEA4","RPS24B","Yes","YEA4",0.131413009,3.196562471,"YEA4-RPS24B",0.385928544501992
"ADE1","ILV1","Yes","ILV1",0.001135517,11.25709837,"ADE1-ILV1",0.0276309136666667
"ADE2","ILV1","Yes","ILV1",0.241269114,5.529585582,"ADE2-ILV1",0.406761187977273
"ADE5,7","ILV1","Yes","ILV1",0.078113009,1.848816351,"ADE5,7-ILV1",0.303311151968085
"ADE6","ILV1","Yes","ILV1",0.226525286,6.173076923,"ADE6-ILV1",0.406761187977273
"APL2","ILV1","Yes","APL2",0.374034642,2.132529597,"APL2-ILV1",0.481561355661376
"ARG1","ILV1","Yes","ARG1",0.036971332,2.354381376,"ARG1-ILV1",0.206023453129771
"ARG2","ILV1","Yes","ARG2",0.105809673,1.520999068,"ARG2-ILV1",0.355949591198157
"ARG4","ILV1","Yes","ARG4",0.275900579,2.200977099,"ARG4-ILV1",0.41527303643299
"ARO1","ILV1","Yes","ILV1",0.085454525,2.56597644,"ARO1-ILV1",0.315556554343434
"ARO7","ILV1","Yes","ILV1",0.085475058,2.535799033,"ARO7-ILV1",0.315556554343434
"BUD16","ILV1","Yes","BUD16",0.305077137,3.142236967,"BUD16-ILV1",0.439200985714286
"ECM29","ILV1","Yes","ECM29",0.079740333,2.113275755,"ECM29-ILV1",0.304766717748691
"ERG4","ILV1","Yes","ILV1",0.49733688,1.536390858,"ERG4-ILV1",0.57766249745628
"FCY22","ILV1","Yes","ILV1",0.232549439,5.045857934,"FCY22-ILV1",0.406761187977273
"ISA1","ILV1","Yes","ILV1",0.153908338,1.92071033,"ISA1-ILV1",0.390114884513889
"LAG1","ILV1","Yes","ILV1",0.018388448,2.832248792,"LAG1-ILV1",0.143460176315789
"LYS4","ILV1","Yes","ILV1",0.196271927,6.236094946,"LYS4-ILV1",0.406761187977273
"LYS9","ILV1","Yes","LYS9",0.106685295,5.465464213,"LYS9-ILV1",0.357202236666667
"MET10","ILV1","Yes","MET10",0.09207308,6.837268788,"MET10-ILV1",0.320881644245283
"MET3","ILV1","Yes","MET3",0.143410389,2.706787835,"MET3-ILV1",0.389470243964286
"ORF , Uncharacterized (2)","ILV1","Yes","ILV1",0.245171127,2.076923077,"ORF , Uncharacterized (2)-ILV1",0.406761187977273
"RPL27A","ILV1","Yes","ILV1",0.017240804,11.10443586,"RPL27A-ILV1",0.141413336179775
"RPS24B","ILV1","Yes","ILV1",0.242462747,5.121302155,"RPS24B-ILV1",0.406761187977273
"RSC2","ILV1","Yes","RSC2",0.309883672,2.388794849,"RSC2-ILV1",0.440965069317739
"TRP4","ILV1","Yes","TRP4",0.075813685,1.964928762,"TRP4-ILV1",0.297548333602151
"URA1","ILV1","Yes","URA1",0.131349255,2.526785714,"URA1-ILV1",0.385928544501992
"ADE2","MET14","Yes","MET14",0.254633533,3.976990346,"ADE2-MET14",0.41094165401766
"ADE5,7","MET14","Yes","MET14",0.169761291,3.381807592,"ADE5,7-MET14",0.406311699063444
"ARG1","MET14","Yes","ARG1",0.016399643,5.344118262,"ARG1-MET14",0.136042493068182
"ARG2","MET14","Yes","MET14",8.53e-07,15.28936158,"ARG2-MET14",0.000217783333333333
"ARG3","MET14","Yes","ARG3",0.004222102,6.008993326,"ARG3-MET14",0.0616426892
"ARG5,6","MET14","Yes","MET14",0.189123298,4.036996217,"ARG5,6-MET14",0.406761187977273
"ARO1","MET14","Yes","MET14",0.246352287,5.045066655,"ARO1-MET14",0.407794035170068
"ARO2","MET14","Yes","MET14",0.0521812,1.986056035,"ARO2-MET14",0.245857199225806
"ARO7","MET14","Yes","MET14",0.003422048,8.390122389,"ARO7-MET14",0.0580952334883721
"HIS2","MET14","Yes","MET14",6.49e-06,14.82785106,"HIS2-MET14",0.00094754
"HIS4","MET14","Yes","HIS4",0.142195604,8.271041566,"HIS4-MET14",0.389470243964286
"ILV1","MET14","Yes","MET14",0.009261432,10.76467317,"ILV1-MET14",0.0942535801333333
"IRC10","MET14","Yes","MET14",1.95e-05,14.37170715,"IRC10-MET14",0.0014308
"ISA1","MET14","Yes","MET14",0.018669475,4.177010561,"ISA1-MET14",0.143460176315789
"LAG1","MET14","Yes","MET14",0.225255702,3.783311853,"LAG1-MET14",0.406761187977273
"LYS4","MET14","Yes","MET14",0.004147892,4.223356713,"LYS4-MET14",0.0616426892
"LYS5","MET14","Yes","MET14",0.185813139,3.227645585,"LYS5-MET14",0.406761187977273
"LYS9","MET14","Yes","LYS9",0.031007584,5.285198496,"LYS9-MET14",0.19021459092437
"MHF2","MET14","Yes","MET14",0.34878743,4.603883259,"MHF2-MET14",0.464625591058394
"ORF , Uncharacterized (2)","MET14","Yes","MET14",0.290903319,5.176136909,"ORF , Uncharacterized (2)-MET14",0.429877374230769
"PEX35","MET14","Yes","MET14",0.334312083,2.16900131,"PEX35-MET14",0.454769262343173
"TRP3","MET14","Yes","MET14",0.007786886,6.595305515,"TRP3-MET14",0.0874527196923077
"URA4","MET14","Yes","MET14",0.290220939,3.388637645,"URA4-MET14",0.429738915760649
"ADE2","ADE1","Yes","ADE2",0.463848005,1.866890007,"ADE2-ADE1",0.548799098298217
"ARG2","ADE1","Yes","ARG2",0.442783953,1.375286714,"ARG2-ADE1",0.533386610049505
"ARG8","ADE1","Yes","ARG8",0.872566249,1.059179714,"ARG8-ADE1",0.902228557747875
"ECM29","ADE1","Yes","ECM29",0.275534335,2.271807304,"ECM29-ADE1",0.41527303643299
"ILV1","ADE1","Yes","ILV1",0.661815596,1.292386898,"ILV1-ADE1",0.732008159212121
"IRC10","ADE1","Yes","IRC10",0.216678346,3.805305403,"IRC10-ADE1",0.406761187977273
"LYS4","ADE1","Yes","LYS4",0.244186858,1.391856116,"LYS4-ADE1",0.406761187977273
"LYS5","ADE1","Yes","LYS5",0.312558545,1.421875291,"LYS5-ADE1",0.44133024729207
"LYS9","ADE1","Yes","LYS9",0.401915994,1.504512626,"LYS9-ADE1",0.504922916821306
"MET13","ADE1","Yes","MET13",0.110917441,1.4627449,"MET13-ADE1",0.3630697659375
"MET14","ADE1","Yes","MET14",0.189127716,4.866837008,"MET14-ADE1",0.406761187977273
"RPS24B","ADE1","Yes","RPS24B",0.33560468,2.607174307,"RPS24B-ADE1",0.454769262343173
"TRP3","ADE1","Yes","TRP3",0.666224249,1.096727787,"TRP3-ADE1",0.734658159773414
"ADE1","ARG8","Yes","ARG8",0.132308126,2.97070024,"ADE1-ARG8",0.385928544501992
"ADE2","ARG8","Yes","ARG8",0.49773933,1.791251719,"ADE2-ARG8",0.57766249745628
"ARG1","ARG8","Yes","ARG1",0.048787424,2.04926498,"ARG1-ARG8",0.242277683809524
"ARO1","ARG8","Yes","ARO1",0.124404569,3.488255766,"ARO1-ARG8",0.385928544501992
"ECM29","ARG8","Yes","ECM29",0.163777244,5.90939782,"ECM29-ARG8",0.398524627066667
"FCY22","ARG8","Yes","FCY22",0.244201505,1.75037935,"FCY22-ARG8",0.406761187977273
"HIS2","ARG8","Yes","HIS2",0.005957666,2.197991021,"HIS2-ARG8",0.0749844168965517
"HIS4","ARG8","Yes","ARG8",0.004169953,4.352921236,"HIS4-ARG8",0.0616426892
"LAG1","ARG8","Yes","LAG1",0.326401006,5.366716677,"LAG1-ARG8",0.452362068481973
"LYS5","ARG8","Yes","ARG8",0.341860864,6.113379358,"LYS5-ARG8",0.45790537746789
"MET3","ARG8","Yes","MET3",0.009674283,3.685360648,"MET3-ARG8",0.0942535801333333
"ADE1","VPH2","Yes","ADE1",0.003544501,13.28341726,"ADE1-VPH2",0.0582978486666667
"ADE2","VPH2","Yes","VPH2",0.215354141,9.023758008,"ADE2-VPH2",0.406761187977273
"ADE5,7","VPH2","Yes","ADE5,7",0.001570317,2.43443445,"ADE5,7-VPH2",0.032752326
"ADE6","VPH2","Yes","ADE6",0.235607726,5.230226708,"ADE6-VPH2",0.406761187977273
"ADE8","VPH2","Yes","VPH2",0.244594052,5.358546934,"ADE8-VPH2",0.406761187977273
"ARG1","VPH2","Yes","ARG1",0.315480849,2.265094748,"ARG1-VPH2",0.444596563262548
"ARG4","VPH2","Yes","ARG4",0.218494396,3.976708344,"ARG4-VPH2",0.406761187977273
"ARO1","VPH2","Yes","ARO1",0.359781247,2.574317046,"ARO1-VPH2",0.470327266457961
"ARO2","VPH2","Yes","VPH2",0.184231743,6.034997394,"ARO2-VPH2",0.406311699063444
"ARO7","VPH2","Yes","ARO7",0.137797849,2.409442426,"ARO7-VPH2",0.386893960653846
"ERG4","VPH2","Yes","VPH2",0.237514629,1.979612053,"ERG4-VPH2",0.406761187977273
"HIS4","VPH2","Yes","HIS4",0.221984044,2.300486518,"HIS4-VPH2",0.406761187977273
"HIS6","VPH2","Yes","HIS6",0.07010319,5.807387372,"HIS6-VPH2",0.295811148554913
"ILV1","VPH2","Yes","ILV1",0.357835736,2.147899608,"ILV1-VPH2",0.470327266457961
"ISA1","VPH2","Yes","ISA1",0.074314363,9.096751591,"ISA1-VPH2",0.297548333602151
"LAG1","VPH2","Yes","LAG1",0.324629316,4.357170976,"LAG1-VPH2",0.452250764656489
"LYS2","VPH2","Yes","LYS2",0.492005444,1.908385612,"LYS2-VPH2",0.573744367603834
"LYS4","VPH2","Yes","LYS4",0.192896882,4.905064303,"LYS4-VPH2",0.406761187977273
"LYS9","VPH2","Yes","LYS9",0.149252012,5.3090141,"LYS9-VPH2",0.389470243964286
"MET3","VPH2","Yes","MET3",0.20299031,5.940277601,"MET3-VPH2",0.406761187977273
"ORF , Uncharacterized (2)","VPH2","Yes","ORF , Uncharacterized (2)",0.074218485,5.163693386,"ORF , Uncharacterized (2)-VPH2",0.297548333602151
"PEX35","VPH2","Yes","PEX35",0.20586131,6.691482498,"PEX35-VPH2",0.406761187977273
"RPL27A","VPH2","Yes","RPL27A",0.126015166,9.817659962,"RPL27A-VPH2",0.385928544501992
"RPS24B","VPH2","Yes","VPH2",0.216582388,8.643530729,"RPS24B-VPH2",0.406761187977273
"TRP2","VPH2","Yes","VPH2",0.409795442,1.530855229,"TRP2-VPH2",0.511166387679181
"TRP4","VPH2","Yes","TRP4",0.032994599,4.211941871,"TRP4-VPH2",0.19424239733871
"TRP5","VPH2","Yes","TRP5",0.337521168,5.574204115,"TRP5-VPH2",0.454769262343173
"URA1","VPH2","Yes","URA1",0.148247207,5.31989353,"URA1-VPH2",0.389470243964286
"URA4","VPH2","Yes","VPH2",0.507052325,1.472274427,"URA4-VPH2",0.582910546850394
"ADE1","MET7","Yes","ADE1",0.323385403,3.965379741,"ADE1-MET7",0.451379243193117
"ADE2","MET7","Yes","ADE2",0.466667942,2.18270778,"ADE2-MET7",0.549987367854839
"ADE6","MET7","Yes","ADE6",0.547306538,-2.198757684,"ADE6-MET7",0.624269093634945
"ARG4","MET7","Yes","ARG4",0.363539792,3.08094659,"ARG4-MET7",0.470539092482269
"ARO1","MET7","Yes","ARO1",0.440010199,1.268958402,"ARO1-MET7",0.533285982975207
"ARO2","MET7","Yes","ARO2",0.295847835,9.095862575,"ARO2-MET7",0.434545109758551
"HIS6","MET7","Yes","HIS6",0.268397778,3.365171328,"HIS6-MET7",0.414906514547368
"ILV1","MET7","Yes","ILV1",0.645590145,1.31512649,"ILV1-MET7",0.716232227735562
"ISA1","MET7","Yes","ISA1",0.334146165,5.163684013,"ISA1-MET7",0.454769262343173
"LYS2","MET7","Yes","LYS2",0.091356977,8.143964918,"LYS2-MET7",0.320881644245283
"RPL27A","MET7","Yes","RPL27A",0.201151202,7.340372033,"RPL27A-MET7",0.406761187977273
"RPS24B","MET7","Yes","RPS24B",0.383426279,10.40506404,"RPS24B-MET7",0.488869894572426
"TRP5","MET7","Yes","TRP5",0.216351435,8.231861254,"TRP5-MET7",0.406761187977273
"URA1","MET7","Yes","URA1",0.249834728,5.31200566,"URA1-MET7",0.409192591053812
"ADE8","LYS4","Yes","LYS4",0.192659799,2.846688142,"ADE8-LYS4",0.406761187977273
"ARG2","LYS4","Yes","ARG2",0.107160671,2.711024545,"ARG2-LYS4",0.357202236666667
"ARG3","LYS4","Yes","LYS4",0.33945747,3.410252818,"ARG3-LYS4",0.455521972610294
"ARG4","LYS4","Yes","LYS4",0.228785595,4.847319172,"ARG4-LYS4",0.406761187977273
"HIS6","LYS4","Yes","LYS4",0.147576575,4.835489605,"HIS6-LYS4",0.389470243964286
"LYS2","LYS4","Yes","LYS4",0.07152051,10.41340835,"LYS2-LYS4",0.297491648977273
"MET10","LYS4","Yes","LYS4",0.180715621,5.802208757,"MET10-LYS4",0.406311699063444
"MET14","LYS4","Yes","LYS4",0.173171591,2.20946418,"MET14-LYS4",0.406311699063444
"MET3","LYS4","Yes","LYS4",0.020548704,2.55457437,"MET3-LYS4",0.151019918
"TRP4","LYS4","Yes","LYS4",0.005920531,4.066562071,"TRP4-LYS4",0.0749844168965517
"URA1","LYS4","Yes","LYS4",0.28426724,3.509621712,"URA1-LYS4",0.423375471405295
"VPS65","LYS4","Yes","VPS65",0.131596052,2.500880994,"VPS65-LYS4",0.385928544501992
"ADE6","ARG1","Yes","ARG1",0.447928676,1.582668143,"ADE6-ARG1",0.536828705622951
"ADE8","ARG1","Yes","ARG1",0.117554534,3.326162821,"ADE8-ARG1",0.378038809779736
"APL2","ARG1","Yes","APL2",0.010038846,2.090785592,"APL2-ARG1",0.0951734750649351
"ARG2","ARG1","Yes","ARG2",0.063367521,2.677571112,"ARG2-ARG1",0.272107590176471
"ARO2","ARG1","Yes","ARG1",0.238291946,2.673952032,"ARO2-ARG1",0.406761187977273
"BUD16","ARG1","Yes","ARG1",0.160237796,2.558201348,"BUD16-ARG1",0.396520647728814
"ECM29","ARG1","Yes","ECM29",0.419253415,1.452096848,"ECM29-ARG1",0.513017647855946
"FCY22","ARG1","Yes","ARG1",0.140527922,1.664472679,"FCY22-ARG1",0.389470243964286
"HIS6","ARG1","Yes","ARG1",0.769136907,1.057894337,"HIS6-ARG1",0.819664149065694
"ILV1","ARG1","Yes","ILV1",0.135874003,1.936781877,"ILV1-ARG1",0.386621581395349
"LAG1","ARG1","Yes","LAG1",0.467112559,1.316889607,"LAG1-ARG1",0.549987367854839
"LYS12","ARG1","Yes","LYS12",0.1366416,2.649356609,"LYS12-ARG1",0.386621581395349
"LYS5","ARG1","Yes","ARG1",0.530115449,1.175870962,"LYS5-ARG1",0.606558429106583
"LYS9","ARG1","Yes","ARG1",0.177001448,3.360108969,"LYS9-ARG1",0.406311699063444
"MET14","ARG1","Yes","ARG1",0.135125665,5.504093628,"MET14-ARG1",0.386621581395349
"MET3","ARG1","Yes","MET3",0.182389065,3.365502223,"MET3-ARG1",0.406311699063444
"ORF , Uncharacterized (1)","ARG1","Yes","ORF , Uncharacterized (1)",0.051101202,1.806060659,"ORF , Uncharacterized (1)-ARG1",0.245420246447368
"ORF , Uncharacterized (2)","ARG1","Yes","ARG1",0.31227206,5.079674453,"ORF , Uncharacterized (2)-ARG1",0.44133024729207
"PEX35","ARG1","Yes","ARG1",0.00933513,1.744051274,"PEX35-ARG1",0.0942535801333333
"RPL27A","ARG1","Yes","ARG1",0.026863166,2.178672935,"RPL27A-ARG1",0.172018519122807
"RSC2","ARG1","Yes","RSC2",0.021133135,2.708753896,"RSC2-ARG1",0.151470133333333
"TRP4","ARG1","Yes","ARG1",0.03510943,2.618302631,"TRP4-ARG1",0.20113636390625
"TRP5","ARG1","Yes","ARG1",0.120149522,3.151423604,"TRP5-ARG1",0.381967267284483
"APL2","ARO1","Yes","APL2",0.144618411,3.347052669,"APL2-ARO1",0.389470243964286
"ARG5,6","ARO1","Yes","ARO1",0.362230523,6.583108746,"ARG5,6-ARO1",0.470539092482269
"ARO2","ARO1","Yes","ARO1",0.236890926,1.893096781,"ARO2-ARO1",0.406761187977273
"HIS6","ARO1","Yes","ARO1",0.55412109,1.169265614,"HIS6-ARO1",0.629095483203732
"ISA1","ARO1","Yes","ARO1",0.331629012,2.041359079,"ISA1-ARO1",0.454769262343173
"LYS1","ARO1","Yes","ARO1",0.352770289,2.706273756,"LYS1-ARO1",0.468639098947368
"LYS12","ARO1","Yes","LYS12",0.011039641,3.976102578,"LYS12-ARO1",0.102011872531646
"LYS2","ARO1","Yes","ARO1",0.445742065,1.470322563,"LYS2-ARO1",0.536065415897858
"LYS9","ARO1","Yes","ARO1",0.137683154,4.212852582,"LYS9-ARO1",0.386893960653846
"MET14","ARO1","Yes","MET14",0.181446947,2.302426981,"MET14-ARO1",0.406311699063444
"PEX35","ARO1","Yes","ARO1",0.098067664,2.157897469,"PEX35-ARO1",0.332973928930233
"RPL27A","ARO1","Yes","ARO1",0.005455536,6.060629421,"RPL27A-ARO1",0.0711168085714286
"TRP4","ARO1","Yes","ARO1",0.020555347,4.480890518,"TRP4-ARO1",0.151019918
"TRP5","ARO1","Yes","ARO1",0.239476239,2.793030382,"TRP5-ARO1",0.406761187977273
"VPS65","ARO1","Yes","VPS65",0.407804716,1.403563642,"VPS65-ARO1",0.51053029875
"ECM29","ARG3","Yes","ARG3",0.161653899,1.661914357,"ECM29-ARG3",0.397331132222222
"HIS2","ARG3","Yes","HIS2",0.008172254,2.629721364,"HIS2-ARG3",0.0903900821212121
"HIS6","ARG3","Yes","ARG3",0.32934336,2.508193183,"HIS6-ARG3",0.454481385255198
"IRC10","ARG3","Yes","ARG3",0.211790035,1.295946456,"IRC10-ARG3",0.406761187977273
"ISA1","ARG3","Yes","ARG3",0.628875912,1.337971527,"ISA1-ARG3",0.704109533374233
"LYS12","ARG3","Yes","ARG3",0.006576353,3.469690437,"LYS12-ARG3",0.0774312530645161
"LYS9","ARG3","Yes","ARG3",0.201972456,1.952762539,"LYS9-ARG3",0.406761187977273
"ORF , Uncharacterized (2)","ARG3","Yes","ARG3",0.714960906,1.21312213,"ORF , Uncharacterized (2)-ARG3",0.777826320983606
"PEX35","ARG3","Yes","ARG3",0.490882681,1.316783925,"PEX35-ARG3",0.573350971408
"VPS65","ARG3","Yes","ARG3",0.038860102,3.685944171,"VPS65-ARG3",0.211700555671642
"ARO7","ORT1","Yes","ORT1",0.156268731,1.532116066,"ARO7-ORT1",0.390498389249147
"ECM29","ORT1","Yes","ORT1",0.178911477,1.675440023,"ECM29-ORT1",0.406311699063444
"HIS6","ORT1","Yes","ORT1",0.185627976,1.443482312,"HIS6-ORT1",0.406761187977273
"IRC10","ORT1","Yes","ORT1",0.002372121,2.234237934,"IRC10-ORT1",0.0455696928947368
"LYS12","ORT1","Yes","ORT1",0.004587169,2.137878711,"LYS12-ORT1",0.0649845298076923
"LYS9","ORT1","Yes","ORT1",0.058977224,1.539581746,"LYS9-ORT1",0.260933996121212
"MET1","ORT1","Yes","ORT1",0.014198461,2.477567128,"MET1-ORT1",0.121939723882353
"MET14","ORT1","Yes","MET14",0.000116518,11.55871595,"MET14-ORT1",0.00500342
"MET3","ORT1","Yes","MET3",0.000626651,8.483356594,"MET3-ORT1",0.0182982092
"PEX35","ORT1","Yes","ORT1",0.009071747,1.558332771,"PEX35-ORT1",0.0942535801333333
"RSC2","ORT1","Yes","ORT1",0.009031873,1.614846324,"RSC2-ORT1",0.0942535801333333
"URA4","ORT1","Yes","ORT1",0.029675669,2.450569677,"URA4-ORT1",0.185155883504274
"LYS1","ADE8","Yes","LYS1",0.502741127,1.779769581,"LYS1-ADE8",0.581618102551505
"LYS12","ADE8","Yes","ADE8",0.151521396,3.101653237,"LYS12-ADE8",0.390114884513889
"MET1","ADE8","Yes","ADE8",0.173067591,4.199331292,"MET1-ADE8",0.406311699063444
"ORF , Uncharacterized (1)","ADE8","Yes","ORF , Uncharacterized (1)",0.289281817,3.444742086,"ORF , Uncharacterized (1)-ADE8",0.429218956117886
"ADE2","ISA1","Yes","ISA1",0.418746285,2.116453274,"ADE2-ISA1",0.513017647855946
"ARO7","ISA1","Yes","ISA1",0.418542997,3.350084803,"ARO7-ISA1",0.513017647855946
"BUD16","ISA1","Yes","BUD16",0.152603453,4.30073741,"BUD16-ISA1",0.390114884513889
"ECM29","ISA1","Yes","ECM29",0.242920083,2.25070622,"ECM29-ISA1",0.406761187977273
"FCY22","ISA1","Yes","FCY22",0.76639706,1.257773284,"FCY22-ISA1",0.817938382748538
"LYS9","ISA1","Yes","LYS9",0.353726224,2.519770871,"LYS9-ISA1",0.468639098947368
"ORF , Uncharacterized (2)","ISA1","Yes","ISA1",0.275124826,3.826275993,"ORF , Uncharacterized (2)-ISA1",0.41527303643299
"RPS24B","ISA1","Yes","ISA1",0.336486239,3.098463396,"RPS24B-ISA1",0.454769262343173
"TRP4","ISA1","Yes","ISA1",0.269136056,1.665166374,"TRP4-ISA1",0.414906514547368
"ADE2","ADE6","Yes","ADE6",0.471957993,1.897148198,"ADE2-ADE6",0.553905683102894
"APT1","ADE6","Yes","ADE6",0.216154574,2.831208402,"APT1-ADE6",0.406761187977273
"ARG3","ADE6","Yes","ADE6",0.331087556,2.396586032,"ARG3-ADE6",0.454769262343173
"BUD16","ADE6","Yes","BUD16",0.178141866,4.526198639,"BUD16-ADE6",0.406311699063444
"ECM29","ADE6","Yes","ECM29",0.094573333,1.693295573,"ECM29-ADE6",0.324124568497653
"LAG1","ADE6","Yes","ADE6",0.035010231,11.08068175,"LAG1-ADE6",0.20113636390625
"LYS2","ADE6","Yes","ADE6",0.363000283,2.486453088,"LYS2-ADE6",0.470539092482269
"LYS9","ADE6","Yes","LYS9",0.256412956,1.776383926,"LYS9-ADE6",0.412229301991247
"MET3","ADE6","Yes","MET3",0.269973417,3.755555645,"MET3-ADE6",0.414906514547368
"MHF2","ADE6","Yes","ADE6",0.088352235,2.248265681,"MHF2-ADE6",0.320881251492537
"ORF , Uncharacterized (2)","ADE6","Yes","ADE6",0.412790125,4.400302137,"ORF , Uncharacterized (2)-ADE6",0.511607455432937
"RPL27A","ADE6","Yes","RPL27A",0.132695979,3.217191514,"RPL27A-ADE6",0.385928544501992
"TRP4","ADE6","Yes","TRP4",0.000722623,3.386815015,"TRP4-ADE6",0.0202890303846154
"URA1","ADE6","Yes","URA1",0.240328573,2.261939967,"URA1-ADE6",0.406761187977273
"URA4","ADE6","Yes","URA4",0.376844705,3.810548234,"URA4-ADE6",0.484325061003521
"ADE2","MET3","Yes","MET3",0.746943032,-1.212501171,"ADE2-MET3",0.801865313764706
"ADE5,7","MET3","Yes","ADE5,7",0.01269419,9.189937001,"ADE5,7-MET3",0.111647695180723
"APT1","MET3","Yes","APT1",0.248697086,5.988581118,"APT1-MET3",0.409192591053812
"ARG3","MET3","Yes","MET3",0.643796141,1.244645579,"ARG3-MET3",0.715329045555556
"ARO7","MET3","Yes","MET3",0.125930234,-1.535414543,"ARO7-MET3",0.385928544501992
"HIS1","MET3","Yes","MET3",0.032146348,1.867902958,"HIS1-MET3",0.193420734715447
"HIS2","MET3","Yes","HIS2",0.002573467,9.672606777,"HIS2-MET3",0.0481700233333333
"HIS4","MET3","Yes","MET3",0.359130886,1.225022901,"HIS4-MET3",0.470327266457961
"LYS2","MET3","Yes","MET3",0.737222957,1.313558599,"LYS2-MET3",0.798225546602659
"MHF2","MET3","Yes","MET3",0.882158789,1.140808754,"MHF2-MET3",0.90828761067701
"ORF , Uncharacterized (2)","MET3","Yes","MET3",0.914660102,1.074698576,"ORF , Uncharacterized (2)-MET3",0.929946900362117
"TRP3","MET3","Yes","MET3",0.201381192,1.253055033,"TRP3-MET3",0.406761187977273
"TRP4","MET3","Yes","TRP4",0.001116765,18.26144161,"TRP4-MET3",0.0276309136666667
"URA4","MET3","Yes","MET3",0.57200468,1.467037165,"URA4-MET3",0.648390398136646
"YEA4","MET3","Yes","MET3",0.411907964,1.792448737,"YEA4-MET3",0.511607455432937
"ADE2","LYS5","Yes","LYS5",0.796591781,1.199329522,"ADE2-LYS5",0.839122655310245
"APT1","LYS5","Yes","LYS5",0.909140106,1.077442316,"APT1-LYS5",0.926916588519553
"ARG3","LYS5","Yes","LYS5",0.897646009,1.082602522,"ARG3-LYS5",0.919048508513324
"ARO7","LYS5","Yes","LYS5",0.987044947,1.008811575,"ARO7-LYS5",0.989478366817558
"ECM29","LYS5","Yes","LYS5",0.623803252,1.203282484,"ECM29-LYS5",0.69950287858679
"HIS1","LYS5","Yes","LYS5",0.582063771,-1.307878236,"HIS1-LYS5",0.658769849348837
"IRC10","LYS5","Yes","IRC10",0.120939178,4.563736599,"IRC10-LYS5",0.381967267284483
"LAG1","LYS5","Yes","LYS5",0.047766319,3.197845963,"LAG1-LYS5",0.240478709448276
"LYS2","LYS5","Yes","LYS5",0.755929778,1.228868215,"LYS2-LYS5",0.807948371800879
"MET13","LYS5","Yes","LYS5",0.633806666,-1.334518793,"MET13-LYS5",0.706379948366412
"MET7","LYS5","Yes","LYS5",0.849329335,-1.075177245,"MET7-LYS5",0.883205718732194
"MHF2","LYS5","Yes","LYS5",0.447191397,1.279819149,"MHF2-LYS5",0.536828705622951
"ORF , Uncharacterized (2)","LYS5","Yes","LYS5",0.899530991,1.083920467,"ORF , Uncharacterized (2)-LYS5",0.919138563846154
"TRP4","LYS5","Yes","LYS5",0.58479323,-1.099982454,"TRP4-LYS5",0.66083445495356
"URA1","LYS5","Yes","LYS5",0.505783509,1.301342089,"URA1-LYS5",0.582910546850394
"ADE5,7","MET1","Yes","MET1",0.738484182,1.11515349,"ADE5,7-MET1",0.798225546602659
"ARG1","MET1","Yes","MET1",0.058978232,1.644326012,"ARG1-MET1",0.260933996121212
"ARO1","MET1","Yes","MET1",0.630371173,1.212946656,"ARO1-MET1",0.704702842710567
"ARO7","MET1","Yes","MET1",0.06068356,8.157038858,"ARO7-MET1",0.266861438554217
"ECM29","MET1","Yes","MET1",0.03810499,8.539912962,"ECM29-MET1",0.209147689473684
"HIS1","MET1","Yes","MET1",0.089812631,5.570320632,"HIS1-MET1",0.320881644245283
"HIS2","MET1","Yes","HIS2",5.05e-05,5.861385905,"HIS2-MET1",0.00305035714285714
"HIS4","MET1","Yes","MET1",0.054780176,3.789419552,"HIS4-MET1",0.253098281518987
"IBA57","MET1","Yes","MET1",0.383729383,4.273069831,"IBA57-MET1",0.488869894572426
"LAG1","MET1","Yes","MET1",0.166333592,5.797941112,"LAG1-MET1",0.403400405847176
"LYS1","MET1","Yes","MET1",0.440962153,3.253243845,"LYS1-MET1",0.533285982975207
"MET7","MET1","Yes","MET1",0.080666514,6.381975309,"MET7-MET1",0.30511168507772
"MHF2","MET1","Yes","MET1",0.026157704,7.911130535,"MHF2-MET1",0.172018519122807
"ORF , Uncharacterized (1)","MET1","Yes","ORF , Uncharacterized (1)",0.44196989,1.65865111,"ORF , Uncharacterized (1)-MET1",0.533285982975207
"TRP3","MET1","Yes","MET1",0.222998858,2.708896521,"TRP3-MET1",0.406761187977273
"TRP4","MET1","Yes","TRP4",0.000311642,17.10783634,"TRP4-MET1",0.0103408481818182
"TRP5","MET1","Yes","MET1",0.241443448,4.787844345,"TRP5-MET1",0.406761187977273
"URA1","MET1","Yes","MET1",0.04389418,6.759011882,"URA1-MET1",0.230508496595745
"YEA4","MET1","Yes","YEA4",0.214251039,3.413124748,"YEA4-MET1",0.406761187977273
"ARG8","HIS6","Yes","HIS6",0.698436841,1.283203083,"ARG8-HIS6",0.765435336041979
"ARO2","HIS6","Yes","HIS6",0.003018065,2.24294301,"ARO2-HIS6",0.052456844047619
"ARO7","HIS6","Yes","HIS6",0.505601412,1.472393932,"ARO7-HIS6",0.582910546850394
"ECM29","HIS6","Yes","HIS6",0.268491824,1.417698702,"ECM29-HIS6",0.414906514547368
"ERG4","HIS6","Yes","ERG4",0.064560407,4.269476469,"ERG4-HIS6",0.27560875502924
"HIS1","HIS6","Yes","HIS6",0.637138796,1.230413562,"HIS1-HIS6",0.709011160182927
"HIS4","HIS6","Yes","HIS6",0.894403417,1.050562637,"HIS4-HIS6",0.917210282963483
"HMF1","HIS6","Yes","HIS6",0.24982784,2.136467163,"HMF1-HIS6",0.409192591053812
"IBA57","HIS6","Yes","HIS6",0.608998492,1.410750254,"IBA57-HIS6",0.686063115987654
"ILV1","HIS6","Yes","HIS6",0.913857919,-1.029643689,"ILV1-HIS6",0.929946900362117
"IRC10","HIS6","Yes","HIS6",0.034649442,2.434674802,"IRC10-HIS6",0.20113636390625
"LYS1","HIS6","Yes","HIS6",0.362223789,-1.558192147,"LYS1-HIS6",0.470539092482269
"LYS12","HIS6","Yes","HIS6",0.000597088,3.241239261,"LYS12-HIS6",0.0181614266666667
"LYS4","HIS6","Yes","HIS6",0.602351878,1.414784981,"LYS4-HIS6",0.679624220927357
"LYS9","HIS6","Yes","HIS6",0.17580922,1.311783358,"LYS9-HIS6",0.406311699063444
"MET13","HIS6","Yes","HIS6",0.784115064,1.170898903,"MET13-HIS6",0.830775031523948
"MET7","HIS6","Yes","HIS6",0.248335597,2.013851522,"MET7-HIS6",0.409192591053812
"MHF2","HIS6","Yes","MHF2",8.71e-06,10.77749304,"MHF2-HIS6",0.00105971666666667
"ORF , Uncharacterized (1)","HIS6","Yes","HIS6",0.417868049,-1.566124116,"ORF , Uncharacterized (1)-HIS6",0.513017647855946
"ORF , Uncharacterized (2)","HIS6","Yes","HIS6",0.699377218,1.295531463,"ORF , Uncharacterized (2)-HIS6",0.765435336041979
"ORT1","HIS6","Yes","HIS6",0.497283286,1.221670617,"ORT1-HIS6",0.57766249745628
"RPL27A","HIS6","Yes","HIS6",0.075357601,1.992033751,"RPL27A-HIS6",0.297548333602151
"RSC2","HIS6","Yes","HIS6",0.879318533,1.062405248,"RSC2-HIS6",0.906641990240113
"TRP2","HIS6","Yes","HIS6",0.77752758,1.193875045,"TRP2-HIS6",0.826554373391557
"TRP3","HIS6","Yes","HIS6",0.457461831,1.465706162,"TRP3-HIS6",0.542121975048701
"TRP5","HIS6","Yes","HIS6",0.894594139,-1.057969418,"TRP5-HIS6",0.917210282963483
"VPS65","HIS6","Yes","HIS6",0.056184678,2.553628496,"VPS65-HIS6",0.256342593375
"ADE5,7","TRP4","Yes","TRP4",0.093187546,1.290673936,"ADE5,7-TRP4",0.320881644245283
"ARG1","TRP4","Yes","TRP4",0.02169948,2.025312091,"ARG1-TRP4",0.152229340285714
"ARG8","TRP4","Yes","TRP4",0.455077092,1.854223947,"ARG8-TRP4",0.541348424130081
"ARO1","TRP4","Yes","ARO1",0.001541424,4.155251247,"ARO1-TRP4",0.032752326
"ARO2","TRP4","Yes","TRP4",0.044522874,6.940913219,"ARO2-TRP4",0.230508496595745
"ARO7","TRP4","Yes","ARO7",0.070949943,4.171007624,"ARO7-TRP4",0.297491648977273
"ECM29","TRP4","Yes","ECM29",0.021896001,4.194667791,"ECM29-TRP4",0.152229340285714
"ERG4","TRP4","Yes","TRP4",0.219139776,2.184262077,"ERG4-TRP4",0.406761187977273
"HIS1","TRP4","Yes","TRP4",0.008710556,3.283040185,"HIS1-TRP4",0.0935103805882353
"HIS4","TRP4","Yes","HIS4",0.000147429,3.947958567,"HIS4-TRP4",0.00566437736842105
"IRC10","TRP4","Yes","IRC10",4.18e-08,22.87075352,"IRC10-TRP4",3.0514e-05
"LAG1","TRP4","Yes","TRP4",0.012105129,8.778086254,"LAG1-TRP4",0.109095607037037
"LYS12","TRP4","Yes","TRP4",0.005406722,6.995245079,"LYS12-TRP4",0.0711168085714286
"LYS9","TRP4","Yes","LYS9",0.008601039,3.709062128,"LYS9-TRP4",0.0935103805882353
"MET13","TRP4","Yes","TRP4",0.171003188,2.92150102,"MET13-TRP4",0.406311699063444
"MET14","TRP4","Yes","MET14",0.004026513,13.06666603,"MET14-TRP4",0.0616426892
"MET7","TRP4","Yes","TRP4",0.20318082,2.728160157,"MET7-TRP4",0.406761187977273
"MHF2","TRP4","Yes","TRP4",0.100757764,3.485340083,"MHF2-TRP4",0.34052392462963
"ORF , Uncharacterized (1)","TRP4","Yes","TRP4",0.205092343,4.494239014,"ORF , Uncharacterized (1)-TRP4",0.406761187977273
"ORF , Uncharacterized (2)","TRP4","Yes","TRP4",0.258907182,3.268012185,"ORF , Uncharacterized (2)-TRP4",0.412668652532751
"ORT1","TRP4","Yes","ORT1",0.004629035,6.772575183,"ORT1-TRP4",0.0649845298076923
"RSC2","TRP4","Yes","RSC2",0.000131813,6.776819184,"RSC2-TRP4",0.00534574944444444
"TRP2","TRP4","Yes","TRP4",0.267311566,3.752665194,"TRP2-TRP4",0.414906514547368
"TRP3","TRP4","Yes","TRP4",0.142883532,4.084726236,"TRP3-TRP4",0.389470243964286
"VPS65","TRP4","Yes","VPS65",0.062555061,1.698401311,"VPS65-TRP4",0.270242639408284
